{
  "tests_5_failing_1": {
    "eval": {
      "0": {
        "precision": 0.6460176991150443,
        "recall": 0.73,
        "f1-score": 0.6854460093896715,
        "support": 100.0
      },
      "1": {
        "precision": 0.6896551724137931,
        "recall": 0.6,
        "f1-score": 0.641711229946524,
        "support": 100.0
      },
      "accuracy": 0.665,
      "macro avg": {
        "precision": 0.6678364357644186,
        "recall": 0.665,
        "f1-score": 0.6635786196680977,
        "support": 200.0
      },
      "weighted avg": {
        "precision": 0.6678364357644188,
        "recall": 0.665,
        "f1-score": 0.6635786196680976,
        "support": 200.0
      }
    },
    "time": 3.189056158065796,
    "confusion": [
      [
        73,
        27
      ],
      [
        40,
        60
      ]
    ],
    "refinement": {
      "10": {
        "eval": {
          "0": {
            "precision": 0.6460176991150443,
            "recall": 0.73,
            "f1-score": 0.6854460093896715,
            "support": 100.0
          },
          "1": {
            "precision": 0.6896551724137931,
            "recall": 0.6,
            "f1-score": 0.641711229946524,
            "support": 100.0
          },
          "accuracy": 0.665,
          "macro avg": {
            "precision": 0.6678364357644186,
            "recall": 0.665,
            "f1-score": 0.6635786196680977,
            "support": 200.0
          },
          "weighted avg": {
            "precision": 0.6678364357644188,
            "recall": 0.665,
            "f1-score": 0.6635786196680976,
            "support": 200.0
          }
        },
        "time": 63.70348405838013,
        "confusion": [
          [
            73,
            27
          ],
          [
            40,
            60
          ]
        ],
        "new": 1,
        "failing": 0,
        "eval_new": {
          "0": {
            "precision": 1.0,
            "recall": 1.0,
            "f1-score": 1.0,
            "support": 1.0
          },
          "accuracy": 1.0,
          "macro avg": {
            "precision": 1.0,
            "recall": 1.0,
            "f1-score": 1.0,
            "support": 1.0
          },
          "weighted avg": {
            "precision": 1.0,
            "recall": 1.0,
            "f1-score": 1.0,
            "support": 1.0
          }
        },
        "confusion_new": [
          [
            1
          ]
        ]
      },
      "100": {
        "eval": {
          "0": {
            "precision": 0.6460176991150443,
            "recall": 0.73,
            "f1-score": 0.6854460093896715,
            "support": 100.0
          },
          "1": {
            "precision": 0.6896551724137931,
            "recall": 0.6,
            "f1-score": 0.641711229946524,
            "support": 100.0
          },
          "accuracy": 0.665,
          "macro avg": {
            "precision": 0.6678364357644186,
            "recall": 0.665,
            "f1-score": 0.6635786196680977,
            "support": 200.0
          },
          "weighted avg": {
            "precision": 0.6678364357644188,
            "recall": 0.665,
            "f1-score": 0.6635786196680976,
            "support": 200.0
          }
        },
        "time": 1510.0590851306915,
        "confusion": [
          [
            73,
            27
          ],
          [
            40,
            60
          ]
        ],
        "new": 1,
        "failing": 0,
        "eval_new": {
          "0": {
            "precision": 1.0,
            "recall": 1.0,
            "f1-score": 1.0,
            "support": 1.0
          },
          "accuracy": 1.0,
          "macro avg": {
            "precision": 1.0,
            "recall": 1.0,
            "f1-score": 1.0,
            "support": 1.0
          },
          "weighted avg": {
            "precision": 1.0,
            "recall": 1.0,
            "f1-score": 1.0,
            "support": 1.0
          }
        },
        "confusion_new": [
          [
            1
          ]
        ]
      }
    }
  },
  "tests_10_failing_1": {
    "eval": {
      "0": {
        "precision": 0.5026178010471204,
        "recall": 0.96,
        "f1-score": 0.6597938144329896,
        "support": 100.0
      },
      "1": {
        "precision": 0.5555555555555556,
        "recall": 0.05,
        "f1-score": 0.09174311926605504,
        "support": 100.0
      },
      "accuracy": 0.505,
      "macro avg": {
        "precision": 0.5290866783013379,
        "recall": 0.505,
        "f1-score": 0.3757684668495223,
        "support": 200.0
      },
      "weighted avg": {
        "precision": 0.5290866783013379,
        "recall": 0.505,
        "f1-score": 0.3757684668495223,
        "support": 200.0
      }
    },
    "time": 5.669411659240723,
    "confusion": [
      [
        96,
        4
      ],
      [
        95,
        5
      ]
    ],
    "refinement": {
      "10": {
        "eval": {
          "0": {
            "precision": 0.5763888888888888,
            "recall": 0.83,
            "f1-score": 0.680327868852459,
            "support": 100.0
          },
          "1": {
            "precision": 0.6964285714285714,
            "recall": 0.39,
            "f1-score": 0.5000000000000001,
            "support": 100.0
          },
          "accuracy": 0.61,
          "macro avg": {
            "precision": 0.6364087301587301,
            "recall": 0.61,
            "f1-score": 0.5901639344262295,
            "support": 200.0
          },
          "weighted avg": {
            "precision": 0.6364087301587301,
            "recall": 0.61,
            "f1-score": 0.5901639344262296,
            "support": 200.0
          }
        },
        "time": 66.81796002388,
        "confusion": [
          [
            83,
            17
          ],
          [
            61,
            39
          ]
        ],
        "new": 1,
        "failing": 0,
        "eval_new": {
          "0": {
            "precision": 1.0,
            "recall": 1.0,
            "f1-score": 1.0,
            "support": 1.0
          },
          "accuracy": 1.0,
          "macro avg": {
            "precision": 1.0,
            "recall": 1.0,
            "f1-score": 1.0,
            "support": 1.0
          },
          "weighted avg": {
            "precision": 1.0,
            "recall": 1.0,
            "f1-score": 1.0,
            "support": 1.0
          }
        },
        "confusion_new": [
          [
            1
          ]
        ]
      },
      "100": {
        "eval": {
          "0": {
            "precision": 0.5763888888888888,
            "recall": 0.83,
            "f1-score": 0.680327868852459,
            "support": 100.0
          },
          "1": {
            "precision": 0.6964285714285714,
            "recall": 0.39,
            "f1-score": 0.5000000000000001,
            "support": 100.0
          },
          "accuracy": 0.61,
          "macro avg": {
            "precision": 0.6364087301587301,
            "recall": 0.61,
            "f1-score": 0.5901639344262295,
            "support": 200.0
          },
          "weighted avg": {
            "precision": 0.6364087301587301,
            "recall": 0.61,
            "f1-score": 0.5901639344262296,
            "support": 200.0
          }
        },
        "time": 1589.0479159355164,
        "confusion": [
          [
            83,
            17
          ],
          [
            61,
            39
          ]
        ],
        "new": 1,
        "failing": 0,
        "eval_new": {
          "0": {
            "precision": 1.0,
            "recall": 1.0,
            "f1-score": 1.0,
            "support": 1.0
          },
          "accuracy": 1.0,
          "macro avg": {
            "precision": 1.0,
            "recall": 1.0,
            "f1-score": 1.0,
            "support": 1.0
          },
          "weighted avg": {
            "precision": 1.0,
            "recall": 1.0,