{
  "tests_5_failing_1": {
    "eval": {
      "0": {
        "precision": 0.9090909090909091,
        "recall": 1.0,
        "f1-score": 0.9523809523809523,
        "support": 100.0
      },
      "1": {
        "precision": 1.0,
        "recall": 0.9,
        "f1-score": 0.9473684210526316,
        "support": 100.0
      },
      "accuracy": 0.95,
      "macro avg": {
        "precision": 0.9545454545454546,
        "recall": 0.95,
        "f1-score": 0.949874686716792,
        "support": 200.0
      },
      "weighted avg": {
        "precision": 0.9545454545454546,
        "recall": 0.95,
        "f1-score": 0.949874686716792,
        "support": 200.0
      }
    },
    "time": 2.0964951515197754,
    "confusion": [
      [
        100,
        0
      ],
      [
        10,
        90
      ]
    ],
    "refinement": {
      "10": {
        "eval": {
          "0": {
            "precision": 1.0,
            "recall": 1.0,
            "f1-score": 1.0,
            "support": 100.0
          },
          "1": {
            "precision": 1.0,
            "recall": 1.0,
            "f1-score": 1.0,
            "support": 100.0
          },
          "accuracy": 1.0,
          "macro avg": {
            "precision": 1.0,
            "recall": 1.0,
            "f1-score": 1.0,
            "support": 200.0
          },
          "weighted avg": {
            "precision": 1.0,
            "recall": 1.0,
            "f1-score": 1.0,
            "support": 200.0
          }
        },
        "time": 47.52748107910156,
        "confusion": [
          [
            100,
            0
          ],
          [
            0,
            100
          ]
        ],
        "new": 1,
        "failing": 0,
        "eval_new": {
          "0": {
            "precision": 1.0,
            "recall": 1.0,
            "f1-score": 1.0,
            "support": 1.0
          },
          "accuracy": 1.0,
          "macro avg": {
            "precision": 1.0,
            "recall": 1.0,
            "f1-score": 1.0,
            "support": 1.0
          },
          "weighted avg": {
            "precision": 1.0,
            "recall": 1.0,
            "f1-score": 1.0,
            "support": 1.0
          }
        },
        "confusion_new": [
          [
            1
          ]
        ]
      },
      "100": {
        "eval": {
          "0": {
            "precision": 0.5238095238095238,
            "recall": 0.77,
            "f1-score": 0.6234817813765183,
            "support": 100.0
          },
          "1": {
            "precision": 0.5660377358490566,
            "recall": 0.3,
            "f1-score": 0.39215686274509803,
            "support": 100.0
          },
          "accuracy": 0.535,
          "macro avg": {
            "precision": 0.5449236298292902,
            "recall": 0.535,
            "f1-score": 0.5078193220608082,
            "support": 200.0
          },
          "weighted avg": {
            "precision": 0.5449236298292902,
            "recall": 0.535,
            "f1-score": 0.5078193220608083,
            "support": 200.0
          }
        },
        "time": 1117.784945011139,
        "confusion": [
          [
            77,
            23
          ],
          [
            70,
            30
          ]
        ],
        "new": 2,
        "failing": 0,
        "eval_new": {
          "0": {
            "precision": 1.0,
            "recall": 0.5,
            "f1-score": 0.6666666666666666,
            "support": 2.0
          },
          "1": {
            "precision": 0.0,
            "recall": 0.0,
            "f1-score": 0.0,
            "support": 0.0
          },
          "accuracy": 0.5,
          "macro avg": {
            "precision": 0.5,
            "recall": 0.25,
            "f1-score": 0.3333333333333333,
            "support": 2.0
          },
          "weighted avg": {
            "precision": 1.0,
            "recall": 0.5,
            "f1-score": 0.6666666666666666,
            "support": 2.0
          }
        },
        "confusion_new": [
          [
            1,
            1
          ],
          [
            0,
            0
          ]
        ]
      }
    }
  },
  "tests_10_failing_1": {
    "eval": {
      "0": {
        "precision": 1.0,
        "recall": 1.0,
        "f1-score": 1.0,
        "support": 100.0
      },
      "1": {
        "precision": 1.0,
        "recall": 1.0,
        "f1-score": 1.0,
        "support": 100.0
      },
      "accuracy": 1.0,
      "macro avg": {
        "precision": 1.0,
        "recall": 1.0,
        "f1-score": 1.0,
        "support": 200.0
      },
      "weighted avg": {
        "precision": 1.0,
        "recall": 1.0,
        "f1-score": 1.0,
        "support": 200.0
      }
    },
    "time": 4.349835157394409,
    "confusion": [
      [
        100,
        0
      ],
      [
        0,
        100
      ]
    ],
    "refinement": {
      "10": {
        "eval": {
          "0": {
            "precision": 1.0,
            "recall": 1.0,
            "f1-score": 1.0,
            "support": 100.0
          },
          "1": {
            "precision": 1.0,
            "recall": 1.0,
            "f1-score": 1.0,
            "support": 100.0
          },
          "accuracy": 1.0,
          "macro avg": {
            "precision": 1.0,
            "recall": 1.0,
            "f1-score": 1.0,
            "support": 200.0
          },
          "weighted avg": {
            "precision": 1.0,
            "recall": 1.0,
            "f1-score": 1.0,
            "support": 200.0
          }
        },
        "time": 53.202041149139404,
        "confusion": [
          [
            100,
            0
          ],
          [
            0,
            100
          ]
        ],
        "new": 1,
        "failing": 0,
        "eval_new": {
          "0": {
            "precision": 1.0,
            "recall": 1.0,
            "f1-score": 1.0,
            "support": 1.0
          },
          "accuracy": 1.0,
          "macro avg": {
            "precision": 1.0,
            "recall": 1.0,
            "f1-score": 1.0,
            "support": 1.0
          },
          "weighted avg": {
            "precision": 1.0,
            "recall": 1.0,
            "f1-score": 1.0,
            "support": 1.0
          }
        },
        "confusion_new": [
          [
            1
          ]
        ]
      },
      "100": {
        "eval": {
          "0": {
            "precision": 1.0,
            "recall": 1.0,
            "f1-score": 1.0,
            "support": 100.0
          },
          "1": {
            "precision": 1.0,
            "recall": 1.0,
            "f1-score": 1.0,
            "support": 100.0
          },
          "accuracy": 1.0,
          "macro avg": {
            "precision": 1.0,
            "recall": 1.0,
            "f1-score": 1.0,
            "support": 200.0
          },
          "weighted avg": {
            "precision": 1.0,
            "recall": 1.0,
            "f1-score": 1.0,
            "support": 200.0
          }
        },
        "time": 1194.0135521888733,
        "confusion": [
          [
            100,
            0
          ],
          [
            0,
            100
          ]
        ],
        "new": 1,
        "failing": 0,
        "eval_new": {
          "0": {
            "precision": 1.0,
            "recall": 1.0,
            "f1-score": 1.0,
            "support": 1.0
          },
          "accuracy": 1.0,
          "macro avg": {
            "precision": 1.0,
            "recall": 1.0,
            "f1-score": 1.0,
            "support": 1.0
          },
          "weighted avg": {
            "precision": 1.0,
            "recall": 1.0,
            "f1-score": 1.0,
            "support": 1.0
          }
        },
        "confusion_new": [
          [
            1
          ]
        ]
      }
    }
  },
  "tests_10_failing_2": {
    "eval": {
      "0": {
        "precision": 1.0,
        "recall": 1.0,