{
  "tests_5_failing_1": {
    "eval": {
      "0": {
        "precision": 0.5251798561151079,
        "recall": 0.73,
        "f1-score": 0.6108786610878661,
        "support": 100.0
      },
      "1": {
        "precision": 0.5573770491803278,
        "recall": 0.34,
        "f1-score": 0.42236024844720493,
        "support": 100.0
      },
      "accuracy": 0.535,
      "macro avg": {
        "precision": 0.5412784526477179,
        "recall": 0.535,
        "f1-score": 0.5166194547675356,
        "support": 200.0
      },
      "weighted avg": {
        "precision": 0.5412784526477179,
        "recall": 0.535,
        "f1-score": 0.5166194547675356,
        "support": 200.0
      }
    },
    "time": 2.621943712234497,
    "confusion": [
      [
        73,
        27
      ],
      [
        66,
        34
      ]
    ],
    "refinement": {
      "10": {
        "eval": {
          "0": {
            "precision": 0.8771929824561403,
            "recall": 1.0,
            "f1-score": 0.9345794392523363,
            "support": 100.0
          },
          "1": {
            "precision": 1.0,
            "recall": 0.86,
            "f1-score": 0.924731182795699,
            "support": 100.0
          },
          "accuracy": 0.93,
          "macro avg": {
            "precision": 0.9385964912280702,
            "recall": 0.9299999999999999,
            "f1-score": 0.9296553110240177,
            "support": 200.0
          },
          "weighted avg": {
            "precision": 0.9385964912280701,
            "recall": 0.93,
            "f1-score": 0.9296553110240177,
            "support": 200.0
          }
        },
        "time": 66.88116836547852,
        "confusion": [
          [
            100,
            0
          ],
          [
            14,
            86
          ]
        ],
        "new": 2,
        "failing": 0,
        "eval_new": {
          "0": {
            "precision": 1.0,
            "recall": 0.5,
            "f1-score": 0.6666666666666666,
            "support": 2.0
          },
          "1": {
            "precision": 0.0,
            "recall": 0.0,
            "f1-score": 0.0,
            "support": 0.0
          },
          "accuracy": 0.5,
          "macro avg": {
            "precision": 0.5,
            "recall": 0.25,
            "f1-score": 0.3333333333333333,
            "support": 2.0
          },
          "weighted avg": {
            "precision": 1.0,
            "recall": 0.5,
            "f1-score": 0.6666666666666666,
            "support": 2.0
          }
        },
        "confusion_new": [
          [
            1,
            1
          ],
          [
            0,
            0
          ]
        ]
      },
      "100": {
        "eval": {
          "0": {
            "precision": 0.8771929824561403,
            "recall": 1.0,
            "f1-score": 0.9345794392523363,
            "support": 100.0
          },
          "1": {
            "precision": 1.0,
            "recall": 0.86,
            "f1-score": 0.924731182795699,
            "support": 100.0
          },
          "accuracy": 0.93,
          "macro avg": {
            "precision": 0.9385964912280702,
            "recall": 0.9299999999999999,
            "f1-score": 0.9296553110240177,
            "support": 200.0
          },
          "weighted avg": {
            "precision": 0.9385964912280701,
            "recall": 0.93,
            "f1-score": 0.9296553110240177,
            "support": 200.0
          }
        },
        "time": 1790.896553516388,
        "confusion": [
          [
            100,
            0
          ],
          [
            14,
            86
          ]
        ],
        "new": 2,
        "failing": 0,
        "eval_new": {
          "0": {
            "precision": 1.0,
            "recall": 1.0,
            "f1-score": 1.0,
            "support": 2.0
          },
          "accuracy": 1.0,
          "macro avg": {
            "precision": 1.0,
            "recall": 1.0,
            "f1-score": 1.0,
            "support": 2.0
          },
          "weighted avg": {
            "precision": 1.0,
            "recall": 1.0,
            "f1-score": 1.0,
            "support": 2.0
          }
        },
        "confusion_new": [
          [
            2
          ]
        ]
      }
    }
  },
  "tests_10_failing_1": {
    "eval": {
      "0": {
        "precision": 0.8771929824561403,
        "recall": 1.0,
        "f1-score": 0.9345794392523363,
        "support": 100.0
      },
      "1": {
        "precision": 1.0,
        "recall": 0.86,
        "f1-score": 0.924731182795699,
        "support": 100.0
      },
      "accuracy": 0.93,
      "macro avg": {
        "precision": 0.9385964912280702,
        "recall": 0.9299999999999999,
        "f1-score": 0.9296553110240177,
        "support": 200.0
      },
      "weighted avg": {
        "precision": 0.9385964912280701,
        "recall": 0.93,
        "f1-score": 0.9296553110240177,
        "support": 200.0
      }
    },
    "time": 5.182477951049805,
    "confusion": [
      [
        100,
        0
      ],
      [
        14,
        86
      ]
    ],
    "refinement": {
      "10": {
        "eval": {
          "0": {
            "precision": 0.8771929824561403,
            "recall": 1.0,
            "f1-score": 0.9345794392523363,
            "support": 100.0
          },
          "1": {
            "precision": 1.0,
            "recall": 0.86,
            "f1-score": 0.924731182795699,
            "support": 100.0
          },
          "accuracy": 0.93,
          "macro avg": {
            "precision": 0.9385964912280702,
            "recall": 0.9299999999999999,
            "f1-score": 0.9296553110240177,
            "support": 200.0
          },
          "weighted avg": {
            "precision": 0.9385964912280701,
            "recall": 0.93,
            "f1-score": 0.9296553110240177,
            "support": 200.0
          }
        },
        "time": 80.19943809509277,
        "confusion": [
          [
            100,
            0
          ],
          [
            14,
            86
          ]
        ],
        "new": 1,
        "failing": 0,
        "eval_new": {
          "0": {
            "precision": 1.0,
            "recall": 1.0,
            "f1-score": 1.0,
            "support": 1.0
          },
          "accuracy": 1.0,
          "macro avg": {
            "precision": 1.0,
            "recall": 1.0,
            "f1-score": 1.0,
            "support": 1.0
          },
          "weighted avg": {
            "precision": 1.0,
            "recall": 1.0,
            "f1-score": 1.0,
            "support": 1.0
          }
        },
        "confusion_new": [
          [
            1
          ]
        ]
      },
      "100": {
        "eval": {
          "0": {
            "precision": 0.8771929824561403,
            "recall": 1.0,
            "f1-score": 0.9345794392523363,
            "support": 100.0
          },
          "1": {
            "precision": 1.0,
            "recall": 0.86,
            "f1-score": 0.924731182795699,
            "support": 100.0
          },
          "accuracy": 0.93,
          "macro avg": {
            "precision": 0.9385964912280702,
            "recall": 0.9299999999999999,
            "f1-score": 0.9296553110240177,
            "support": 200.0
          },
          "weighted avg": {
            "precision": 0.9385964912280701,
            "recall": 0.93,
            "f1-score": 0.9296553110240177,
            "support": 200.0
          }
        },
        "time": 1857.4001953601837,
        "confusion": [
          [
            100,
            0
          ],
          [
            14,
            86
          ]
        ],
        "new": 2,
        "failing": 0,
        "eval_new": {
          "0": {
            "precision": 1.0,
            "recall": 1.0,
            "f1-score": 1.0,
            "support": 2.0
          },
          "accuracy": 1.0,