{
  "0": {
    "eval": {
      "0": {
        "precision": 0.2857142857142857,
        "recall": 0.06,
        "f1-score": 0.09917355371900825,
        "support": 100.0
      },
      "1": {
        "precision": 0.4748603351955307,
        "recall": 0.85,
        "f1-score": 0.6093189964157706,
        "support": 100.0
      },
      "accuracy": 0.455,
      "macro avg": {
        "precision": 0.3802873104549082,
        "recall": 0.45499999999999996,
        "f1-score": 0.3542462750673894,
        "support": 200.0
      },
      "weighted avg": {
        "precision": 0.3802873104549082,
        "recall": 0.455,
        "f1-score": 0.3542462750673894,
        "support": 200.0
      }
    },
    "time": 0.7344081401824951,
    "confusion": [
      [
        6,
        94
      ],
      [
        15,
        85
      ]
    ],
    "refinement": {
      "100": {
        "eval": {
          "0": {
            "precision": 0.2857142857142857,
            "recall": 0.06,
            "f1-score": 0.09917355371900825,
            "support": 100.0
          },
          "1": {
            "precision": 0.4748603351955307,
            "recall": 0.85,
            "f1-score": 0.6093189964157706,
            "support": 100.0
          },
          "accuracy": 0.455,
          "macro avg": {
            "precision": 0.3802873104549082,
            "recall": 0.45499999999999996,
            "f1-score": 0.3542462750673894,
            "support": 200.0
          },
          "weighted avg": {
            "precision": 0.3802873104549082,
            "recall": 0.455,
            "f1-score": 0.3542462750673894,
            "support": 200.0
          }
        },
        "time": 1007.7964248657227,
        "confusion": [
          [
            6,
            94
          ],
          [
            15,
            85
          ]
        ],
        "new": 2,
        "failing": 0,
        "eval_new": {
          "0": {
            "precision": 1.0,
            "recall": 0.5,
            "f1-score": 0.6666666666666666,
            "support": 2.0
          },
          "1": {
            "precision": 0.0,
            "recall": 0.0,
            "f1-score": 0.0,
            "support": 0.0
          },
          "accuracy": 0.5,
          "macro avg": {
            "precision": 0.5,
            "recall": 0.25,
            "f1-score": 0.3333333333333333,
            "support": 2.0
          },
          "weighted avg": {
            "precision": 1.0,
            "recall": 0.5,
            "f1-score": 0.6666666666666666,
            "support": 2.0
          }
        },
        "confusion_new": [
          [
            1,
            1
          ],
          [
            0,
            0
          ]
        ]
      }
    }
  },
  "1": {
    "eval": {
      "0": {
        "precision": 0.5277777777777778,
        "recall": 0.95,
        "f1-score": 0.6785714285714285,
        "support": 100.0
      },
      "1": {
        "precision": 0.75,
        "recall": 0.15,
        "f1-score": 0.24999999999999997,
        "support": 100.0
      },
      "accuracy": 0.55,
      "macro avg": {
        "precision": 0.6388888888888888,
        "recall": 0.5499999999999999,
        "f1-score": 0.46428571428571425,
        "support": 200.0
      },
      "weighted avg": {
        "precision": 0.6388888888888888,
        "recall": 0.55,
        "f1-score": 0.46428571428571425,
        "support": 200.0
      }
    },
    "time": 0.7214865684509277,
    "confusion": [
      [
        95,
        5
      ],
      [
        85,
        15
      ]
    ],
    "refinement": {
      "100": {
        "eval": {
          "0": {
            "precision": 1.0,
            "recall": 1.0,
            "f1-score": 1.0,
            "support": 100.0
          },
          "1": {
            "precision": 1.0,
            "recall": 1.0,
            "f1-score": 1.0,
            "support": 100.0
          },
          "accuracy": 1.0,
          "macro avg": {
            "precision": 1.0,
            "recall": 1.0,
            "f1-score": 1.0,
            "support": 200.0
          },
          "weighted avg": {
            "precision": 1.0,
            "recall": 1.0,
            "f1-score": 1.0,
            "support": 200.0
          }
        },
        "time": 1038.6897814273834,
        "confusion": [
          [
            100,
            0
          ],
          [
            0,
            100
          ]
        ],
        "new": 1,
        "failing": 0,
        "eval_new": {
          "0": {
            "precision": 1.0,
            "recall": 1.0,
            "f1-score": 1.0,
            "support": 1.0
          },
          "accuracy": 1.0,
          "macro avg": {
            "precision": 1.0,
            "recall": 1.0,
            "f1-score": 1.0,
            "support": 1.0
          },
          "weighted avg": {
            "precision": 1.0,
            "recall": 1.0,
            "f1-score": 1.0,
            "support": 1.0
          }
        },
        "confusion_new": [
          [
            1
          ]
        ]
      }
    }
  },
  "2": {
    "eval": {
      "0": {
        "precision": 1.0,
        "recall": 0.23,
        "f1-score": 0.3739837398373984,
        "support": 100.0
      },
      "1": {
        "precision": 0.5649717514124294,
        "recall": 1.0,
        "f1-score": 0.7220216606498194,
        "support": 100.0
      },
      "accuracy": 0.615,
      "macro avg": {
        "precision": 0.7824858757062148,
        "recall": 0.615,
        "f1-score": 0.548002700243609,
        "support": 200.0
      },
      "weighted avg": {
        "precision": 0.7824858757062146,
        "recall": 0.615,
        "f1-score": 0.5480027002436089,
        "support": 200.0
      }
    },
    "time": 0.7122247219085693,
    "confusion": [
      [
        23,
        77
      ],
      [
        0,
        100
      ]
    ],
    "refinement": {
      "100": {
        "eval": {
          "0": {
            "precision": 1.0,
            "recall": 0.23,
            "f1-score": 0.3739837398373984,
            "support": 100.0
          },
          "1": {
            "precision": 0.5649717514124294,
            "recall": 1.0,
            "f1-score": 0.7220216606498194,
            "support": 100.0
          },
          "accuracy": 0.615,
          "macro avg": {
            "precision": 0.7824858757062148,
            "recall": 0.615,
            "f1-score": 0.548002700243609,
            "support": 200.0
          },
          "weighted avg": {
            "precision": 0.7824858757062146,
            "recall": 0.615,
            "f1-score": 0.5480027002436089,
            "support": 200.0
          }
        },
        "time": 1037.5876624584198,
        "confusion": [
          [
            23,
            77
          ],
          [
            0,
            100
          ]
        ],
        "new": 2,
        "failing": 0,
        "eval_new": {
          "0": {
            "precision": 1.0,
            "recall": 1.0,
            "f1-score": 1.0,
            "support": 2.0
          },
          "accuracy": 1.0,
          "macro avg": {
            "precision": 1.0,
            "recall": 1.0,
            "f1-score": 1.0,
            "support": 2.0
          },
          "weighted avg": {
            "precision": 1.0,
            "recall": 1.0,
            "f1-score": 1.0,
            "support": 2.0
          }
        },
        "confusion_new": [
          [
            2
          ]
        ]
      }
    }
  }
}