{
  "tests_5_failing_1": {
    "eval": {
      "0": {
        "precision": 0.5251798561151079,
        "recall": 0.73,
        "f1-score": 0.6108786610878661,
        "support": 100.0
      },
      "1": {
        "precision": 0.5573770491803278,
        "recall": 0.34,
        "f1-score": 0.42236024844720493,
        "support": 100.0
      },
      "accuracy": 0.535,
      "macro avg": {
        "precision": 0.5412784526477179,
        "recall": 0.535,
        "f1-score": 0.5166194547675356,
        "support": 200.0
      },
      "weighted avg": {
        "precision": 0.5412784526477179,
        "recall": 0.535,
        "f1-score": 0.5166194547675356,
        "support": 200.0
      }
    },
    "time": 2.621943712234497,
    "confusion": [
      [
        73,
        27
      ],
      [
        66,
        34
      ]
    ]
  },
  "tests_10_failing_1": {
    "eval": {
      "0": {
        "precision": 0.8771929824561403,
        "recall": 1.0,
        "f1-score": 0.9345794392523363,
        "support": 100.0
      },
      "1": {
        "precision": 1.0,
        "recall": 0.86,
        "f1-score": 0.924731182795699,
        "support": 100.0
      },
      "accuracy": 0.93,
      "macro avg": {
        "precision": 0.9385964912280702,
        "recall": 0.9299999999999999,
        "f1-score": 0.9296553110240177,
        "support": 200.0
      },
      "weighted avg": {
        "precision": 0.9385964912280701,
        "recall": 0.93,
        "f1-score": 0.9296553110240177,
        "support": 200.0
      }
    },
    "time": 5.182477951049805,
    "confusion": [
      [
        100,
        0
      ],
      [
        14,
        86
      ]
    ]
  },
  "tests_10_failing_2": {
    "eval": {
      "0": {
        "precision": 1.0,
        "recall": 1.0,
        "f1-score": 1.0,
        "support": 100.0
      },
      "1": {
        "precision": 1.0,
        "recall": 1.0,
        "f1-score": 1.0,
        "support": 100.0
      },
      "accuracy": 1.0,
      "macro avg": {
        "precision": 1.0,
        "recall": 1.0,
        "f1-score": 1.0,
        "support": 200.0
      },
      "weighted avg": {
        "precision": 1.0,
        "recall": 1.0,
        "f1-score": 1.0,
        "support": 200.0
      }
    },
    "time": 5.268630743026733,
    "confusion": [
      [
        100,
        0
      ],
      [
        0,
        100
      ]
    ]
  },
  "tests_30_failing_3": {
    "eval": {
      "0": {
        "precision": 1.0,
        "recall": 1.0,
        "f1-score": 1.0,
        "support": 100.0
      },
      "1": {
        "precision": 1.0,
        "recall": 1.0,
        "f1-score": 1.0,
        "support": 100.0
      },
      "accuracy": 1.0,
      "macro avg": {
        "precision": 1.0,
        "recall": 1.0,
        "f1-score": 1.0,
        "support": 200.0
      },
      "weighted avg": {
        "precision": 1.0,
        "recall": 1.0,
        "f1-score": 1.0,
        "support": 200.0
      }
    },
    "time": 17.752145767211914,
    "confusion": [
      [
        100,
        0
      ],
      [
        0,
        100
      ]
    ]
  }
}