{
  "tests_5_failing_1": {
    "eval": {
      "0": {
        "precision": 0.9090909090909091,
        "recall": 1.0,
        "f1-score": 0.9523809523809523,
        "support": 100.0
      },
      "1": {
        "precision": 1.0,
        "recall": 0.9,
        "f1-score": 0.9473684210526316,
        "support": 100.0
      },
      "accuracy": 0.95,
      "macro avg": {
        "precision": 0.9545454545454546,
        "recall": 0.95,
        "f1-score": 0.949874686716792,
        "support": 200.0
      },
      "weighted avg": {
        "precision": 0.9545454545454546,
        "recall": 0.95,
        "f1-score": 0.949874686716792,
        "support": 200.0
      }
    },
    "time": 2.0964951515197754,
    "confusion": [
      [
        100,
        0
      ],
      [
        10,
        90
      ]
    ]
  },
  "tests_10_failing_1": {
    "eval": {
      "0": {
        "precision": 1.0,
        "recall": 1.0,
        "f1-score": 1.0,
        "support": 100.0
      },
      "1": {
        "precision": 1.0,
        "recall": 1.0,
        "f1-score": 1.0,
        "support": 100.0
      },
      "accuracy": 1.0,
      "macro avg": {
        "precision": 1.0,
        "recall": 1.0,
        "f1-score": 1.0,
        "support": 200.0
      },
      "weighted avg": {
        "precision": 1.0,
        "recall": 1.0,
        "f1-score": 1.0,
        "support": 200.0
      }
    },
    "time": 4.349835157394409,
    "confusion": [
      [
        100,
        0
      ],
      [
        0,
        100
      ]
    ]
  },
  "tests_10_failing_2": {
    "eval": {
      "0": {
        "precision": 1.0,
        "recall": 1.0,
        "f1-score": 1.0,
        "support": 100.0
      },
      "1": {
        "precision": 1.0,
        "recall": 1.0,
        "f1-score": 1.0,
        "support": 100.0
      },
      "accuracy": 1.0,
      "macro avg": {
        "precision": 1.0,
        "recall": 1.0,
        "f1-score": 1.0,
        "support": 200.0
      },
      "weighted avg": {
        "precision": 1.0,
        "recall": 1.0,
        "f1-score": 1.0,
        "support": 200.0
      }
    },
    "time": 4.29650092124939,
    "confusion": [
      [
        100,
        0
      ],
      [
        0,
        100
      ]
    ]
  },
  "tests_30_failing_3": {
    "eval": {
      "0": {
        "precision": 1.0,
        "recall": 1.0,
        "f1-score": 1.0,
        "support": 100.0
      },
      "1": {
        "precision": 1.0,
        "recall": 1.0,
        "f1-score": 1.0,
        "support": 100.0
      },
      "accuracy": 1.0,
      "macro avg": {
        "precision": 1.0,
        "recall": 1.0,
        "f1-score": 1.0,
        "support": 200.0
      },
      "weighted avg": {
        "precision": 1.0,
        "recall": 1.0,
        "f1-score": 1.0,
        "support": 200.0
      }
    },
    "time": 12.801069021224976,
    "confusion": [
      [
        100,
        0
      ],
      [
        0,
        100
      ]
    ]
  }
}