{
  "0": {
    "eval": {
      "0": {
        "precision": 1.0,
        "recall": 0.22,
        "f1-score": 0.36065573770491804,
        "support": 50.0
      },
      "1": {
        "precision": 0.5617977528089888,
        "recall": 1.0,
        "f1-score": 0.7194244604316546,
        "support": 50.0
      },
      "accuracy": 0.61,
      "macro avg": {
        "precision": 0.7808988764044944,
        "recall": 0.61,
        "f1-score": 0.5400400990682863,
        "support": 100.0
      },
      "weighted avg": {
        "precision": 0.7808988764044943,
        "recall": 0.61,
        "f1-score": 0.5400400990682863,
        "support": 100.0
      }
    },
    "time": 2.7136435508728027,
    "confusion": [
      [
        11,
        39
      ],
      [
        0,
        50
      ]
    ],
    "refinement": {
      "50": {
        "eval": {
          "0": {
            "precision": 1.0,
            "recall": 0.22,
            "f1-score": 0.36065573770491804,
            "support": 50.0
          },
          "1": {
            "precision": 0.5617977528089888,
            "recall": 1.0,
            "f1-score": 0.7194244604316546,
            "support": 50.0
          },
          "accuracy": 0.61,
          "macro avg": {
            "precision": 0.7808988764044944,
            "recall": 0.61,
            "f1-score": 0.5400400990682863,
            "support": 100.0
          },
          "weighted avg": {
            "precision": 0.7808988764044943,
            "recall": 0.61,
            "f1-score": 0.5400400990682863,
            "support": 100.0
          }
        },
        "time": 51.94202280044556,
        "confusion": [
          [
            11,
            39
          ],
          [
            0,
            50
          ]
        ],
        "new": 0,
        "failing": 0
      }
    }
  },
  "1": {
    "eval": {
      "0": {
        "precision": 0.5,
        "recall": 0.08,
        "f1-score": 0.13793103448275862,
        "support": 50.0
      },
      "1": {
        "precision": 0.5,
        "recall": 0.92,
        "f1-score": 0.647887323943662,
        "support": 50.0
      },
      "accuracy": 0.5,
      "macro avg": {
        "precision": 0.5,
        "recall": 0.5,
        "f1-score": 0.39290917921321034,
        "support": 100.0
      },
      "weighted avg": {
        "precision": 0.5,
        "recall": 0.5,
        "f1-score": 0.39290917921321034,
        "support": 100.0
      }
    },
    "time": 2.7630655765533447,
    "confusion": [
      [
        4,
        46
      ],
      [
        4,
        46
      ]
    ],
    "refinement": {
      "50": {
        "eval": {
          "0": {
            "precision": 0.5,
            "recall": 0.08,
            "f1-score": 0.13793103448275862,
            "support": 50.0
          },
          "1": {
            "precision": 0.5,
            "recall": 0.92,
            "f1-score": 0.647887323943662,
            "support": 50.0
          },
          "accuracy": 0.5,
          "macro avg": {
            "precision": 0.5,
            "recall": 0.5,
            "f1-score": 0.39290917921321034,
            "support": 100.0
          },
          "weighted avg": {
            "precision": 0.5,
            "recall": 0.5,
            "f1-score": 0.39290917921321034,
            "support": 100.0
          }
        },
        "time": 52.996925830841064,
        "confusion": [
          [
            4,
            46
          ],
          [
            4,
            46
          ]
        ],
        "new": 0,
        "failing": 0
      }
    }
  },
  "2": {
    "eval": {
      "0": {
        "precision": 0.2549019607843137,
        "recall": 0.26,
        "f1-score": 0.25742574257425743,
        "support": 50.0
      },
      "1": {
        "precision": 0.24489795918367346,
        "recall": 0.24,
        "f1-score": 0.24242424242424243,
        "support": 50.0
      },
      "accuracy": 0.25,
      "macro avg": {
        "precision": 0.24989995998399359,
        "recall": 0.25,
        "f1-score": 0.24992499249924993,
        "support": 100.0
      },
      "weighted avg": {
        "precision": 0.24989995998399359,
        "recall": 0.25,
        "f1-score": 0.24992499249924993,
        "support": 100.0
      }
    },
    "time": 3.1760435104370117,
    "confusion": [
      [
        13,
        37
      ],
      [
        38,
        12
      ]
    ],
    "refinement": {
      "50": {
        "eval": {
          "0": {
            "precision": 0.2549019607843137,
            "recall": 0.26,
            "f1-score": 0.25742574257425743,
            "support": 50.0
          },
          "1": {
            "precision": 0.24489795918367346,
            "recall": 0.24,
            "f1-score": 0.24242424242424243,
            "support": 50.0
          },
          "accuracy": 0.25,
          "macro avg": {
            "precision": 0.24989995998399359,
            "recall": 0.25,
            "f1-score": 0.24992499249924993,
            "support": 100.0
          },
          "weighted avg": {
            "precision": 0.24989995998399359,
            "recall": 0.25,
            "f1-score": 0.24992499249924993,
            "support": 100.0
          }
        },
        "time": 55.381951570510864,
        "confusion": [
          [
            13,
            37
          ],
          [
            38,
            12
          ]
        ],
        "new": 0,
        "failing": 0
      }
    }
  }
}