{
  "0": {
    "eval": {
      "0": {
        "precision": 0.5376344086021505,
        "recall": 1.0,
        "f1-score": 0.6993006993006993,
        "support": 100.0
      },
      "1": {
        "precision": 1.0,
        "recall": 0.14,
        "f1-score": 0.24561403508771928,
        "support": 100.0
      },
      "accuracy": 0.57,
      "macro avg": {
        "precision": 0.7688172043010753,
        "recall": 0.5700000000000001,
        "f1-score": 0.4724573671942093,
        "support": 200.0
      },
      "weighted avg": {
        "precision": 0.7688172043010753,
        "recall": 0.57,
        "f1-score": 0.47245736719420933,
        "support": 200.0
      }
    },
    "time": 1.1529521942138672,
    "confusion": [
      [
        100,
        0
      ],
      [
        86,
        14
      ]
    ],
    "refinement": {
      "100": {
        "eval": {
          "0": {
            "precision": 0.42857142857142855,
            "recall": 0.09,
            "f1-score": 0.1487603305785124,
            "support": 100.0
          },
          "1": {
            "precision": 0.49162011173184356,
            "recall": 0.88,
            "f1-score": 0.6308243727598566,
            "support": 100.0
          },
          "accuracy": 0.485,
          "macro avg": {
            "precision": 0.46009577015163605,
            "recall": 0.485,
            "f1-score": 0.38979235166918447,
            "support": 200.0
          },
          "weighted avg": {
            "precision": 0.460095770151636,
            "recall": 0.485,
            "f1-score": 0.3897923516691845,
            "support": 200.0
          }
        },
        "time": 1701.5094013214111,
        "confusion": [
          [
            9,
            91
          ],
          [
            12,
            88
          ]
        ],
        "new": 1,
        "failing": 0,
        "eval_new": {
          "0": {
            "precision": 1.0,
            "recall": 1.0,
            "f1-score": 1.0,
            "support": 1.0
          },
          "accuracy": 1.0,
          "macro avg": {
            "precision": 1.0,
            "recall": 1.0,
            "f1-score": 1.0,
            "support": 1.0
          },
          "weighted avg": {
            "precision": 1.0,
            "recall": 1.0,
            "f1-score": 1.0,
            "support": 1.0
          }
        },
        "confusion_new": [
          [
            1
          ]
        ]
      }
    }
  },
  "1": {
    "eval": {
      "0": {
        "precision": 1.0,
        "recall": 1.0,
        "f1-score": 1.0,
        "support": 100.0
      },
      "1": {
        "precision": 1.0,
        "recall": 1.0,
        "f1-score": 1.0,
        "support": 100.0
      },
      "accuracy": 1.0,
      "macro avg": {
        "precision": 1.0,
        "recall": 1.0,
        "f1-score": 1.0,
        "support": 200.0
      },
      "weighted avg": {
        "precision": 1.0,
        "recall": 1.0,
        "f1-score": 1.0,
        "support": 200.0
      }
    },
    "time": 1.2162625789642334,
    "confusion": [
      [
        100,
        0
      ],
      [
        0,
        100
      ]
    ],
    "refinement": {
      "100": {
        "eval": {
          "0": {
            "precision": 0.4482758620689655,
            "recall": 0.39,
            "f1-score": 0.41711229946524064,
            "support": 100.0
          },
          "1": {
            "precision": 0.46017699115044247,
            "recall": 0.52,
            "f1-score": 0.48826291079812206,
            "support": 100.0
          },
          "accuracy": 0.455,
          "macro avg": {
            "precision": 0.454226426609704,
            "recall": 0.455,
            "f1-score": 0.4526876051316814,
            "support": 200.0
          },
          "weighted avg": {
            "precision": 0.45422642660970397,
            "recall": 0.455,
            "f1-score": 0.4526876051316813,
            "support": 200.0
          }
        },
        "time": 1727.2724330425262,
        "confusion": [
          [
            39,
            61
          ],
          [
            48,
            52
          ]
        ],
        "new": 1,
        "failing": 0,
        "eval_new": {
          "0": {
            "precision": 0.0,
            "recall": 0.0,
            "f1-score": 0.0,
            "support": 1.0
          },
          "1": {
            "precision": 0.0,
            "recall": 0.0,
            "f1-score": 0.0,
            "support": 0.0
          },
          "accuracy": 0.0,
          "macro avg": {
            "precision": 0.0,
            "recall": 0.0,
            "f1-score": 0.0,
            "support": 1.0
          },
          "weighted avg": {
            "precision": 0.0,
            "recall": 0.0,
            "f1-score": 0.0,
            "support": 1.0
          }
        },
        "confusion_new": [
          [
            0,
            1
          ],
          [
            0,
            0
          ]
        ]
      }
    }
  },
  "2": {
    "eval": {
      "0": {
        "precision": 1.0,
        "recall": 1.0,
        "f1-score": 1.0,
        "support": 100.0
      },
      "1": {
        "precision": 1.0,
        "recall": 1.0,
        "f1-score": 1.0,
        "support": 100.0
      },
      "accuracy": 1.0,
      "macro avg": {
        "precision": 1.0,
        "recall": 1.0,
        "f1-score": 1.0,
        "support": 200.0
      },
      "weighted avg": {
        "precision": 1.0,
        "recall": 1.0,
        "f1-score": 1.0,
        "support": 200.0
      }
    },
    "time": 1.1455638408660889,
    "confusion": [
      [
        100,
        0
      ],
      [
        0,
        100
      ]
    ],
    "refinement": {
      "100": {
        "eval": {
          "0": {
            "precision": 1.0,
            "recall": 1.0,
            "f1-score": 1.0,
            "support": 100.0
          },
          "1": {
            "precision": 1.0,
            "recall": 1.0,
            "f1-score": 1.0,
            "support": 100.0
          },
          "accuracy": 1.0,
          "macro avg": {
            "precision": 1.0,
            "recall": 1.0,
            "f1-score": 1.0,
            "support": 200.0
          },
          "weighted avg": {
            "precision": 1.0,
            "recall": 1.0,
            "f1-score": 1.0,
            "support": 200.0
          }
        },
        "time": 1724.556616306305,
        "confusion": [
          [
            100,
            0
          ],
          [
            0,
            100
          ]
        ],
        "new": 1,
        "failing": 0,
        "eval_new": {
          "0": {
            "precision": 1.0,
            "recall": 1.0,
            "f1-score": 1.0,
            "support": 1.0
          },
          "accuracy": 1.0,
          "macro avg": {
            "precision": 1.0,
            "recall": 1.0,
            "f1-score": 1.0,
            "support": 1.0
          },
          "weighted avg": {
            "precision": 1.0,
            "recall": 1.0,
            "f1-score": 1.0,
            "support": 1.0
          }
        },
        "confusion_new": [
          [
            1
          ]
        ]
      }
    }
  }
}