{
  "0": {
    "eval": {
      "0": {
        "precision": 1.0,
        "recall": 0.5490196078431373,
        "f1-score": 0.7088607594936709,
        "support": 51.0
      },
      "1": {
        "precision": 0.6805555555555556,
        "recall": 1.0,
        "f1-score": 0.8099173553719008,
        "support": 49.0
      },
      "accuracy": 0.77,
      "macro avg": {
        "precision": 0.8402777777777778,
        "recall": 0.7745098039215687,
        "f1-score": 0.7593890574327858,
        "support": 100.0
      },
      "weighted avg": {
        "precision": 0.8434722222222223,
        "recall": 0.77,
        "f1-score": 0.7583784914740036,
        "support": 100.0
      }
    },
    "time": 2.5592479705810547,
    "confusion": [
      [
        28,
        23
      ],
      [
        0,
        49
      ]
    ],
    "refinement": {
      "50": {
        "eval": {
          "0": {
            "precision": 1.0,
            "recall": 0.5490196078431373,
            "f1-score": 0.7088607594936709,
            "support": 51.0
          },
          "1": {
            "precision": 0.6805555555555556,
            "recall": 1.0,
            "f1-score": 0.8099173553719008,
            "support": 49.0
          },
          "accuracy": 0.77,
          "macro avg": {
            "precision": 0.8402777777777778,
            "recall": 0.7745098039215687,
            "f1-score": 0.7593890574327858,
            "support": 100.0
          },
          "weighted avg": {
            "precision": 0.8434722222222223,
            "recall": 0.77,
            "f1-score": 0.7583784914740036,
            "support": 100.0
          }
        },
        "time": 659.282075881958,
        "confusion": [
          [
            28,
            23
          ],
          [
            0,
            49
          ]
        ],
        "new": 0,
        "failing": 0
      }
    }
  },
  "1": {
    "eval": {
      "0": {
        "precision": 1.0,
        "recall": 0.7450980392156863,
        "f1-score": 0.8539325842696629,
        "support": 51.0
      },
      "1": {
        "precision": 0.7903225806451613,
        "recall": 1.0,
        "f1-score": 0.8828828828828829,
        "support": 49.0
      },
      "accuracy": 0.87,
      "macro avg": {
        "precision": 0.8951612903225806,
        "recall": 0.8725490196078431,
        "f1-score": 0.8684077335762729,
        "support": 100.0
      },
      "weighted avg": {
        "precision": 0.897258064516129,
        "recall": 0.87,
        "f1-score": 0.8681182305901407,
        "support": 100.0
      }
    },
    "time": 2.439199924468994,
    "confusion": [
      [
        38,
        13
      ],
      [
        0,
        49
      ]
    ],
    "refinement": {
      "50": {
        "eval": {
          "0": {
            "precision": 1.0,
            "recall": 0.7450980392156863,
            "f1-score": 0.8539325842696629,
            "support": 51.0
          },
          "1": {
            "precision": 0.7903225806451613,
            "recall": 1.0,
            "f1-score": 0.8828828828828829,
            "support": 49.0
          },
          "accuracy": 0.87,
          "macro avg": {
            "precision": 0.8951612903225806,
            "recall": 0.8725490196078431,
            "f1-score": 0.8684077335762729,
            "support": 100.0
          },
          "weighted avg": {
            "precision": 0.897258064516129,
            "recall": 0.87,
            "f1-score": 0.8681182305901407,
            "support": 100.0
          }
        },
        "time": 618.4861352443695,
        "confusion": [
          [
            38,
            13
          ],
          [
            0,
            49
          ]
        ],
        "new": 0,
        "failing": 0
      }
    }
  },
  "2": {
    "eval": {
      "0": {
        "precision": 1.0,
        "recall": 0.9803921568627451,
        "f1-score": 0.9900990099009901,
        "support": 51.0
      },
      "1": {
        "precision": 0.98,
        "recall": 1.0,
        "f1-score": 0.98989898989899,
        "support": 49.0
      },
      "accuracy": 0.99,
      "macro avg": {
        "precision": 0.99,
        "recall": 0.9901960784313726,
        "f1-score": 0.9899989998999901,
        "support": 100.0
      },
      "weighted avg": {
        "precision": 0.9902,
        "recall": 0.99,
        "f1-score": 0.99000100010001,
        "support": 100.0
      }
    },
    "time": 2.4954679012298584,
    "confusion": [
      [
        50,
        1
      ],
      [
        0,
        49
      ]
    ],
    "refinement": {
      "50": {
        "eval": {
          "0": {
            "precision": 1.0,
            "recall": 0.9803921568627451,
            "f1-score": 0.9900990099009901,
            "support": 51.0
          },
          "1": {
            "precision": 0.98,
            "recall": 1.0,
            "f1-score": 0.98989898989899,
            "support": 49.0
          },
          "accuracy": 0.99,
          "macro avg": {
            "precision": 0.99,
            "recall": 0.9901960784313726,
            "f1-score": 0.9899989998999901,
            "support": 100.0
          },
          "weighted avg": {
            "precision": 0.9902,
            "recall": 0.99,
            "f1-score": 0.99000100010001,
            "support": 100.0
          }
        },
        "time": 593.9530620574951,
        "confusion": [
          [
            50,
            1
          ],
          [
            0,
            49
          ]
        ],
        "new": 0,
        "failing": 0
      }
    }
  }
}