{
  "0": {
    "eval": {
      "0": {
        "precision": 0.5985915492957746,
        "recall": 0.7391304347826086,
        "f1-score": 0.6614785992217898,
        "support": 115.0
      },
      "1": {
        "precision": 0.4827586206896552,
        "recall": 0.32941176470588235,
        "f1-score": 0.3916083916083916,
        "support": 85.0
      },
      "accuracy": 0.565,
      "macro avg": {
        "precision": 0.5406750849927149,
        "recall": 0.5342710997442455,
        "f1-score": 0.5265434954150907,
        "support": 200.0
      },
      "weighted avg": {
        "precision": 0.5493625546381739,
        "recall": 0.565,
        "f1-score": 0.5467837609860955,
        "support": 200.0
      }
    },
    "time": 1.6178812980651855,
    "confusion": [
      [
        85,
        30
      ],
      [
        57,
        28
      ]
    ],
    "refinement": {
      "100": {
        "eval": {
          "0": {
            "precision": 0.5985915492957746,
            "recall": 0.7391304347826086,
            "f1-score": 0.6614785992217898,
            "support": 115.0
          },
          "1": {
            "precision": 0.4827586206896552,
            "recall": 0.32941176470588235,
            "f1-score": 0.3916083916083916,
            "support": 85.0
          },
          "accuracy": 0.565,
          "macro avg": {
            "precision": 0.5406750849927149,
            "recall": 0.5342710997442455,
            "f1-score": 0.5265434954150907,
            "support": 200.0
          },
          "weighted avg": {
            "precision": 0.5493625546381739,
            "recall": 0.565,
            "f1-score": 0.5467837609860955,
            "support": 200.0
          }
        },
        "time": 3459.6980080604553,
        "confusion": [
          [
            85,
            30
          ],
          [
            57,
            28
          ]
        ],
        "new": 2,
        "failing": 0,
        "eval_new": {
          "0": {
            "precision": 1.0,
            "recall": 1.0,
            "f1-score": 1.0,
            "support": 2.0
          },
          "accuracy": 1.0,
          "macro avg": {
            "precision": 1.0,
            "recall": 1.0,
            "f1-score": 1.0,
            "support": 2.0
          },
          "weighted avg": {
            "precision": 1.0,
            "recall": 1.0,
            "f1-score": 1.0,
            "support": 2.0
          }
        },
        "confusion_new": [
          [
            2
          ]
        ]
      }
    }
  },
  "1": {
    "eval": {
      "0": {
        "precision": 0.575,
        "recall": 1.0,
        "f1-score": 0.7301587301587301,
        "support": 115.0
      },
      "1": {
        "precision": 0.0,
        "recall": 0.0,
        "f1-score": 0.0,
        "support": 85.0
      },
      "accuracy": 0.575,
      "macro avg": {
        "precision": 0.2875,
        "recall": 0.5,
        "f1-score": 0.36507936507936506,
        "support": 200.0
      },
      "weighted avg": {
        "precision": 0.330625,
        "recall": 0.575,
        "f1-score": 0.4198412698412698,
        "support": 200.0
      }
    },
    "time": 1.7389843463897705,
    "confusion": [
      [
        115,
        0
      ],
      [
        85,
        0
      ]
    ],
    "refinement": {
      "100": {
        "eval": {
          "0": {
            "precision": 0.575,
            "recall": 1.0,
            "f1-score": 0.7301587301587301,
            "support": 115.0
          },
          "1": {
            "precision": 0.0,
            "recall": 0.0,
            "f1-score": 0.0,
            "support": 85.0
          },
          "accuracy": 0.575,
          "macro avg": {
            "precision": 0.2875,
            "recall": 0.5,
            "f1-score": 0.36507936507936506,
            "support": 200.0
          },
          "weighted avg": {
            "precision": 0.330625,
            "recall": 0.575,
            "f1-score": 0.4198412698412698,
            "support": 200.0
          }
        },
        "time": 3521.6031761169434,
        "confusion": [
          [
            115,
            0
          ],
          [
            85,
            0
          ]
        ],
        "new": 2,
        "failing": 0,
        "eval_new": {
          "0": {
            "precision": 1.0,
            "recall": 1.0,
            "f1-score": 1.0,
            "support": 2.0
          },
          "accuracy": 1.0,
          "macro avg": {
            "precision": 1.0,
            "recall": 1.0,
            "f1-score": 1.0,
            "support": 2.0
          },
          "weighted avg": {
            "precision": 1.0,
            "recall": 1.0,
            "f1-score": 1.0,
            "support": 2.0
          }
        },
        "confusion_new": [
          [
            2
          ]
        ]
      }
    }
  },
  "2": {
    "eval": {
      "0": {
        "precision": 0.6086956521739131,
        "recall": 0.12173913043478261,
        "f1-score": 0.20289855072463772,
        "support": 115.0
      },
      "1": {
        "precision": 0.4293785310734463,
        "recall": 0.8941176470588236,
        "f1-score": 0.5801526717557252,
        "support": 85.0
      },
      "accuracy": 0.45,
      "macro avg": {
        "precision": 0.5190370916236797,
        "recall": 0.5079283887468031,
        "f1-score": 0.3915256112401814,
        "support": 200.0
      },
      "weighted avg": {
        "precision": 0.5324858757062146,
        "recall": 0.45,
        "f1-score": 0.36323155216284986,
        "support": 200.0
      }
    },
    "time": 1.668694257736206,
    "confusion": [
      [
        14,
        101
      ],
      [
        9,
        76
      ]
    ],
    "refinement": {
      "100": {
        "eval": {
          "0": {
            "precision": 0.581081081081081,
            "recall": 0.3739130434782609,
            "f1-score": 0.45502645502645506,
            "support": 115.0
          },
          "1": {
            "precision": 0.42857142857142855,
            "recall": 0.6352941176470588,
            "f1-score": 0.5118483412322274,
            "support": 85.0
          },
          "accuracy": 0.485,
          "macro avg": {
            "precision": 0.5048262548262548,
            "recall": 0.5046035805626599,
            "f1-score": 0.4834373981293413,
            "support": 200.0
          },
          "weighted avg": {
            "precision": 0.5162644787644787,
            "recall": 0.485,
            "f1-score": 0.4791757566639083,
            "support": 200.0
          }
        },
        "time": 3500.098024368286,
        "confusion": [
          [
            43,
            72
          ],
          [
            31,
            54
          ]
        ],
        "new": 2,
        "failing": 0,
        "eval_new": {
          "0": {
            "precision": 0.0,
            "recall": 0.0,
            "f1-score": 0.0,
            "support": 2.0
          },
          "1": {
            "precision": 0.0,
            "recall": 0.0,
            "f1-score": 0.0,
            "support": 0.0
          },
          "accuracy": 0.0,
          "macro avg": {
            "precision": 0.0,
            "recall": 0.0,
            "f1-score": 0.0,
            "support": 2.0
          },
          "weighted avg": {
            "precision": 0.0,
            "recall": 0.0,
            "f1-score": 0.0,
            "support": 2.0
          }
        },
        "confusion_new": [
          [
            0,
            2
          ],
          [
            0,
            0
          ]
        ]
      }
    }
  }
}