{
  "tests_5_failing_1": {
    "eval": {
      "0": {
        "precision": 0.5815602836879432,
        "recall": 0.7130434782608696,
        "f1-score": 0.6406249999999999,
        "support": 115.0
      },
      "1": {
        "precision": 0.4406779661016949,
        "recall": 0.3058823529411765,
        "f1-score": 0.3611111111111111,
        "support": 85.0
      },
      "accuracy": 0.54,
      "macro avg": {
        "precision": 0.511119124894819,
        "recall": 0.5094629156010231,
        "f1-score": 0.5008680555555555,
        "support": 200.0
      },
      "weighted avg": {
        "precision": 0.5216852987137877,
        "recall": 0.54,
        "f1-score": 0.5218315972222222,
        "support": 200.0
      }
    },
    "time": 4.035322904586792,
    "confusion": [
      [
        82,
        33
      ],
      [
        59,
        26
      ]
    ],
    "refinement": {
      "10": {
        "eval": {
          "0": {
            "precision": 0.5699481865284974,
            "recall": 0.9565217391304348,
            "f1-score": 0.7142857142857144,
            "support": 115.0
          },
          "1": {
            "precision": 0.2857142857142857,
            "recall": 0.023529411764705882,
            "f1-score": 0.043478260869565216,
            "support": 85.0
          },
          "accuracy": 0.56,
          "macro avg": {
            "precision": 0.42783123612139157,
            "recall": 0.49002557544757036,
            "f1-score": 0.3788819875776398,
            "support": 200.0
          },
          "weighted avg": {
            "precision": 0.4491487786824574,
            "recall": 0.56,
            "f1-score": 0.429192546583851,
            "support": 200.0
          }
        },
        "time": 106.31854891777039,
        "confusion": [
          [
            110,
            5
          ],
          [
            83,
            2
          ]
        ],
        "new": 2,
        "failing": 0,
        "eval_new": {
          "0": {
            "precision": 1.0,
            "recall": 1.0,
            "f1-score": 1.0,
            "support": 2.0
          },
          "accuracy": 1.0,
          "macro avg": {
            "precision": 1.0,
            "recall": 1.0,
            "f1-score": 1.0,
            "support": 2.0
          },
          "weighted avg": {
            "precision": 1.0,
            "recall": 1.0,
            "f1-score": 1.0,
            "support": 2.0
          }
        },
        "confusion_new": [
          [
            2
          ]
        ]
      },
      "100": {
        "eval": {
          "0": {
            "precision": 0.5699481865284974,
            "recall": 0.9565217391304348,
            "f1-score": 0.7142857142857144,
            "support": 115.0
          },
          "1": {
            "precision": 0.2857142857142857,
            "recall": 0.023529411764705882,
            "f1-score": 0.043478260869565216,
            "support": 85.0
          },
          "accuracy": 0.56,
          "macro avg": {
            "precision": 0.42783123612139157,
            "recall": 0.49002557544757036,
            "f1-score": 0.3788819875776398,
            "support": 200.0
          },
          "weighted avg": {
            "precision": 0.4491487786824574,
            "recall": 0.56,
            "f1-score": 0.429192546583851,
            "support": 200.0
          }
        },
        "time": 3645.5942866802216,
        "confusion": [
          [
            110,
            5
          ],
          [
            83,
            2
          ]
        ],
        "new": 2,
        "failing": 0,
        "eval_new": {
          "0": {
            "precision": 1.0,
            "recall": 1.0,
            "f1-score": 1.0,
            "support": 2.0
          },
          "accuracy": 1.0,
          "macro avg": {
            "precision": 1.0,
            "recall": 1.0,
            "f1-score": 1.0,
            "support": 2.0
          },
          "weighted avg": {
            "precision": 1.0,
            "recall": 1.0,
            "f1-score": 1.0,
            "support": 2.0
          }
        },
        "confusion_new": [
          [
            2
          ]
        ]
      }
    }
  },
  "tests_10_failing_1": {
    "eval": {
      "0": {
        "precision": 0.575,
        "recall": 1.0,
        "f1-score": 0.7301587301587301,
        "support": 115.0
      },
      "1": {
        "precision": 0.0,
        "recall": 0.0,
        "f1-score": 0.0,
        "support": 85.0
      },
      "accuracy": 0.575,
      "macro avg": {
        "precision": 0.2875,
        "recall": 0.5,
        "f1-score": 0.36507936507936506,
        "support": 200.0
      },
      "weighted avg": {
        "precision": 0.330625,
        "recall": 0.575,
        "f1-score": 0.4198412698412698,
        "support": 200.0
      }
    },
    "time": 7.6369853019714355,
    "confusion": [
      [
        115,
        0
      ],
      [
        85,
        0
      ]
    ],
    "refinement": {
      "10": {
        "eval": {
          "0": {
            "precision": 0.575,
            "recall": 1.0,
            "f1-score": 0.7301587301587301,
            "support": 115.0
          },
          "1": {
            "precision": 0.0,
            "recall": 0.0,
            "f1-score": 0.0,
            "support": 85.0
          },
          "accuracy": 0.575,
          "macro avg": {
            "precision": 0.2875,
            "recall": 0.5,
            "f1-score": 0.36507936507936506,
            "support": 200.0
          },
          "weighted avg": {
            "precision": 0.330625,
            "recall": 0.575,
            "f1-score": 0.4198412698412698,
            "support": 200.0
          }
        },
        "time": 120.23370432853699,
        "confusion": [
          [
            115,
            0
          ],
          [
            85,
            0
          ]
        ],
        "new": 2,
        "failing": 1,
        "eval_new": {
          "0": {
            "precision": 0.5,
            "recall": 1.0,
            "f1-score": 0.6666666666666666,
            "support": 1.0
          },
          "1": {
            "precision": 0.0,
            "recall": 0.0,
            "f1-score": 0.0,
            "support": 1.0
          },
          "accuracy": 0.5,
          "macro avg": {
            "precision": 0.25,
            "recall": 0.5,
            "f1-score": 0.3333333333333333,
            "support": 2.0
          },
          "weighted avg": {
            "precision": 0.25,
            "recall": 0.5,
            "f1-score": 0.3333333333333333,
            "support": 2.0
          }
        },
        "confusion_new": [
          [
            1,
            0
          ],
          [
            1,
            0
          ]
        ]
      },
      "100": {
        "eval": {
          "0": {
            "precision": 0.575,
            "recall": 1.0,
            "f1-score": 0.7301587301587301,
            "support": 115.0
          },
          "1": {
            "precision": 0.0,
            "recall": 0.0,
            "f1-score": 0.0,
            "support": 85.0
          },
          "accuracy": 0.575,
          "macro avg": {
            "precision": 0.2875,
            "recall": 0.5,
            "f1-score": 0.36507936507936506,
            "support": 200.0
          },
          "weighted avg": {
            "precision": 0.330625,
            "recall": 0.575,
            "f1-score": 0.4198412698412698,
            "support": 200.0
          }
        },
        "time": 3911.5234565734863,
        "confusion": [
          [
            115,
            0
          ],
          [
            85,
            0
          ]
        ],
        "new": 2,
        "failing": 0,
        "eval_new": {
          "0": {
            "precision": 1.0,
            "recall": 1.0,
            "f1-score": 1.0,
            "support": 2.0
          },
          "accuracy": 1.0,
          "macro avg": {
            "precision": 1.0,