{
  "0": {
    "eval": {
      "0": {
        "precision": 1.0,
        "recall": 0.86,
        "f1-score": 0.924731182795699,
        "support": 100.0
      },
      "1": {
        "precision": 0.8771929824561403,
        "recall": 1.0,
        "f1-score": 0.9345794392523363,
        "support": 100.0
      },
      "accuracy": 0.93,
      "macro avg": {
        "precision": 0.9385964912280702,
        "recall": 0.9299999999999999,
        "f1-score": 0.9296553110240177,
        "support": 200.0
      },
      "weighted avg": {
        "precision": 0.9385964912280701,
        "recall": 0.93,
        "f1-score": 0.9296553110240177,
        "support": 200.0
      }
    },
    "time": 1.0310628414154053,
    "confusion": [
      [
        86,
        14
      ],
      [
        0,
        100
      ]
    ],
    "refinement": {
      "100": {
        "eval": {
          "0": {
            "precision": 1.0,
            "recall": 0.86,
            "f1-score": 0.924731182795699,
            "support": 100.0
          },
          "1": {
            "precision": 0.8771929824561403,
            "recall": 1.0,
            "f1-score": 0.9345794392523363,
            "support": 100.0
          },
          "accuracy": 0.93,
          "macro avg": {
            "precision": 0.9385964912280702,
            "recall": 0.9299999999999999,
            "f1-score": 0.9296553110240177,
            "support": 200.0
          },
          "weighted avg": {
            "precision": 0.9385964912280701,
            "recall": 0.93,
            "f1-score": 0.9296553110240177,
            "support": 200.0
          }
        },
        "time": 2325.701888561249,
        "confusion": [
          [
            86,
            14
          ],
          [
            0,
            100
          ]
        ],
        "new": 0,
        "failing": 0
      }
    }
  },
  "1": {
    "eval": {
      "0": {
        "precision": 1.0,
        "recall": 0.86,
        "f1-score": 0.924731182795699,
        "support": 100.0
      },
      "1": {
        "precision": 0.8771929824561403,
        "recall": 1.0,
        "f1-score": 0.9345794392523363,
        "support": 100.0
      },
      "accuracy": 0.93,
      "macro avg": {
        "precision": 0.9385964912280702,
        "recall": 0.9299999999999999,
        "f1-score": 0.9296553110240177,
        "support": 200.0
      },
      "weighted avg": {
        "precision": 0.9385964912280701,
        "recall": 0.93,
        "f1-score": 0.9296553110240177,
        "support": 200.0
      }
    },
    "time": 1.0352792739868164,
    "confusion": [
      [
        86,
        14
      ],
      [
        0,
        100
      ]
    ],
    "refinement": {
      "100": {
        "eval": {
          "0": {
            "precision": 1.0,
            "recall": 0.86,
            "f1-score": 0.924731182795699,
            "support": 100.0
          },
          "1": {
            "precision": 0.8771929824561403,
            "recall": 1.0,
            "f1-score": 0.9345794392523363,
            "support": 100.0
          },
          "accuracy": 0.93,
          "macro avg": {
            "precision": 0.9385964912280702,
            "recall": 0.9299999999999999,
            "f1-score": 0.9296553110240177,
            "support": 200.0
          },
          "weighted avg": {
            "precision": 0.9385964912280701,
            "recall": 0.93,
            "f1-score": 0.9296553110240177,
            "support": 200.0
          }
        },
        "time": 2385.741201400757,
        "confusion": [
          [
            86,
            14
          ],
          [
            0,
            100
          ]
        ],
        "new": 0,
        "failing": 0
      }
    }
  },
  "2": {
    "eval": {
      "0": {
        "precision": 1.0,
        "recall": 0.76,
        "f1-score": 0.8636363636363636,
        "support": 100.0
      },
      "1": {
        "precision": 0.8064516129032258,
        "recall": 1.0,
        "f1-score": 0.8928571428571428,
        "support": 100.0
      },
      "accuracy": 0.88,
      "macro avg": {
        "precision": 0.9032258064516129,
        "recall": 0.88,
        "f1-score": 0.8782467532467533,
        "support": 200.0
      },
      "weighted avg": {
        "precision": 0.9032258064516128,
        "recall": 0.88,
        "f1-score": 0.8782467532467533,
        "support": 200.0
      }
    },
    "time": 1.0898685455322266,
    "confusion": [
      [
        76,
        24
      ],
      [
        0,
        100
      ]
    ],
    "refinement": {
      "100": {
        "eval": {
          "0": {
            "precision": 1.0,
            "recall": 0.76,
            "f1-score": 0.8636363636363636,
            "support": 100.0
          },
          "1": {
            "precision": 0.8064516129032258,
            "recall": 1.0,
            "f1-score": 0.8928571428571428,
            "support": 100.0
          },
          "accuracy": 0.88,
          "macro avg": {
            "precision": 0.9032258064516129,
            "recall": 0.88,
            "f1-score": 0.8782467532467533,
            "support": 200.0
          },
          "weighted avg": {
            "precision": 0.9032258064516128,
            "recall": 0.88,
            "f1-score": 0.8782467532467533,
            "support": 200.0
          }
        },
        "time": 2391.362222671509,
        "confusion": [
          [
            76,
            24
          ],
          [
            0,
            100
          ]
        ],
        "new": 0,
        "failing": 0
      }
    }
  }
}