{
  "0": {
    "eval": {
      "0": {
        "precision": 1.0,
        "recall": 1.0,
        "f1-score": 1.0,
        "support": 50.0
      },
      "1": {
        "precision": 1.0,
        "recall": 1.0,
        "f1-score": 1.0,
        "support": 50.0
      },
      "accuracy": 1.0,
      "macro avg": {
        "precision": 1.0,
        "recall": 1.0,
        "f1-score": 1.0,
        "support": 100.0
      },
      "weighted avg": {
        "precision": 1.0,
        "recall": 1.0,
        "f1-score": 1.0,
        "support": 100.0
      }
    },
    "time": 1.5956130027770996,
    "confusion": [
      [
        50,
        0
      ],
      [
        0,
        50
      ]
    ],
    "refinement": {
      "50": {
        "eval": {
          "0": {
            "precision": 1.0,
            "recall": 1.0,
            "f1-score": 1.0,
            "support": 50.0
          },
          "1": {
            "precision": 1.0,
            "recall": 1.0,
            "f1-score": 1.0,
            "support": 50.0
          },
          "accuracy": 1.0,
          "macro avg": {
            "precision": 1.0,
            "recall": 1.0,
            "f1-score": 1.0,
            "support": 100.0
          },
          "weighted avg": {
            "precision": 1.0,
            "recall": 1.0,
            "f1-score": 1.0,
            "support": 100.0
          }
        },
        "time": 132.14650678634644,
        "confusion": [
          [
            50,
            0
          ],
          [
            0,
            50
          ]
        ],
        "new": 11,
        "failing": 7,
        "eval_new": {
          "0": {
            "precision": 0.25,
            "recall": 0.5,
            "f1-score": 0.3333333333333333,
            "support": 4.0
          },
          "1": {
            "precision": 0.3333333333333333,
            "recall": 0.14285714285714285,
            "f1-score": 0.2,
            "support": 7.0
          },
          "accuracy": 0.2727272727272727,
          "macro avg": {
            "precision": 0.29166666666666663,
            "recall": 0.3214285714285714,
            "f1-score": 0.26666666666666666,
            "support": 11.0
          },
          "weighted avg": {
            "precision": 0.303030303030303,
            "recall": 0.2727272727272727,
            "f1-score": 0.2484848484848485,
            "support": 11.0
          }
        },
        "confusion_new": [
          [
            2,
            2
          ],
          [
            6,
            1
          ]
        ]
      }
    }
  },
  "1": {
    "eval": {
      "0": {
        "precision": 1.0,
        "recall": 1.0,
        "f1-score": 1.0,
        "support": 50.0
      },
      "1": {
        "precision": 1.0,
        "recall": 1.0,
        "f1-score": 1.0,
        "support": 50.0
      },
      "accuracy": 1.0,
      "macro avg": {
        "precision": 1.0,
        "recall": 1.0,
        "f1-score": 1.0,
        "support": 100.0
      },
      "weighted avg": {
        "precision": 1.0,
        "recall": 1.0,
        "f1-score": 1.0,
        "support": 100.0
      }
    },
    "time": 1.595430850982666,
    "confusion": [
      [
        50,
        0
      ],
      [
        0,
        50
      ]
    ],
    "refinement": {
      "50": {
        "eval": {
          "0": {
            "precision": 1.0,
            "recall": 1.0,
            "f1-score": 1.0,
            "support": 50.0
          },
          "1": {
            "precision": 1.0,
            "recall": 1.0,
            "f1-score": 1.0,
            "support": 50.0
          },
          "accuracy": 1.0,
          "macro avg": {
            "precision": 1.0,
            "recall": 1.0,
            "f1-score": 1.0,
            "support": 100.0
          },
          "weighted avg": {
            "precision": 1.0,
            "recall": 1.0,
            "f1-score": 1.0,
            "support": 100.0
          }
        },
        "time": 128.98715090751648,
        "confusion": [
          [
            50,
            0
          ],
          [
            0,
            50
          ]
        ],
        "new": 12,
        "failing": 8,
        "eval_new": {
          "0": {
            "precision": 0.2727272727272727,
            "recall": 0.75,
            "f1-score": 0.4,
            "support": 4.0
          },
          "1": {
            "precision": 0.0,
            "recall": 0.0,
            "f1-score": 0.0,
            "support": 8.0
          },
          "accuracy": 0.25,
          "macro avg": {
            "precision": 0.13636363636363635,
            "recall": 0.375,
            "f1-score": 0.2,
            "support": 12.0
          },
          "weighted avg": {
            "precision": 0.0909090909090909,
            "recall": 0.25,
            "f1-score": 0.13333333333333333,
            "support": 12.0
          }
        },
        "confusion_new": [
          [
            3,
            1
          ],
          [
            8,
            0
          ]
        ]
      }
    }
  },
  "2": {
    "eval": {
      "0": {
        "precision": 1.0,
        "recall": 1.0,
        "f1-score": 1.0,
        "support": 50.0
      },
      "1": {
        "precision": 1.0,
        "recall": 1.0,
        "f1-score": 1.0,
        "support": 50.0
      },
      "accuracy": 1.0,
      "macro avg": {
        "precision": 1.0,
        "recall": 1.0,
        "f1-score": 1.0,
        "support": 100.0
      },
      "weighted avg": {
        "precision": 1.0,
        "recall": 1.0,
        "f1-score": 1.0,
        "support": 100.0
      }
    },
    "time": 1.5475881099700928,
    "confusion": [
      [
        50,
        0
      ],
      [
        0,
        50
      ]
    ],
    "refinement": {
      "50": {
        "eval": {
          "0": {
            "precision": 1.0,
            "recall": 1.0,
            "f1-score": 1.0,
            "support": 50.0
          },
          "1": {
            "precision": 1.0,
            "recall": 1.0,
            "f1-score": 1.0,
            "support": 50.0
          },
          "accuracy": 1.0,
          "macro avg": {
            "precision": 1.0,
            "recall": 1.0,
            "f1-score": 1.0,
            "support": 100.0
          },
          "weighted avg": {
            "precision": 1.0,
            "recall": 1.0,
            "f1-score": 1.0,
            "support": 100.0
          }
        },
        "time": 128.16238474845886,
        "confusion": [
          [
            50,
            0
          ],
          [
            0,
            50
          ]
        ],
        "new": 9,
        "failing": 8,
        "eval_new": {
          "0": {
            "precision": 0.16666666666666666,
            "recall": 1.0,
            "f1-score": 0.2857142857142857,
            "support": 1.0
          },
          "1": {
            "precision": 1.0,
            "recall": 0.375,
            "f1-score": 0.5454545454545454,
            "support": 8.0
          },
          "accuracy": 0.4444444444444444,
          "macro avg": {
            "precision": 0.5833333333333334,
            "recall": 0.6875,
            "f1-score": 0.41558441558441556,
            "support": 9.0
          },
          "weighted avg": {
            "precision": 0.9074074074074073,
            "recall": 0.4444444444444444,
            "f1-score": 0.5165945165945165,
            "support": 9.0
          }
        },
        "confusion_new": [
          [
            1,
            0
          ],
          [
            5,
            3
          ]
        ]
      }
    }
  }
}