{
  "0": {
    "eval": {
      "0": {
        "precision": 1.0,
        "recall": 1.0,
        "f1-score": 1.0,
        "support": 50.0
      },
      "1": {
        "precision": 1.0,
        "recall": 1.0,
        "f1-score": 1.0,
        "support": 50.0
      },
      "accuracy": 1.0,
      "macro avg": {
        "precision": 1.0,
        "recall": 1.0,
        "f1-score": 1.0,
        "support": 100.0
      },
      "weighted avg": {
        "precision": 1.0,
        "recall": 1.0,
        "f1-score": 1.0,
        "support": 100.0
      }
    },
    "time": 1.718803882598877,
    "confusion": [
      [
        50,
        0
      ],
      [
        0,
        50
      ]
    ],
    "refinement": {
      "50": {
        "eval": {
          "0": {
            "precision": 1.0,
            "recall": 1.0,
            "f1-score": 1.0,
            "support": 50.0
          },
          "1": {
            "precision": 1.0,
            "recall": 1.0,
            "f1-score": 1.0,
            "support": 50.0
          },
          "accuracy": 1.0,
          "macro avg": {
            "precision": 1.0,
            "recall": 1.0,
            "f1-score": 1.0,
            "support": 100.0
          },
          "weighted avg": {
            "precision": 1.0,
            "recall": 1.0,
            "f1-score": 1.0,
            "support": 100.0
          }
        },
        "time": 156.76527523994446,
        "confusion": [
          [
            50,
            0
          ],
          [
            0,
            50
          ]
        ],
        "new": 10,
        "failing": 7,
        "eval_new": {
          "0": {
            "precision": 0.25,
            "recall": 0.3333333333333333,
            "f1-score": 0.2857142857142857,
            "support": 3.0
          },
          "1": {
            "precision": 0.6666666666666666,
            "recall": 0.5714285714285714,
            "f1-score": 0.6153846153846154,
            "support": 7.0
          },
          "accuracy": 0.5,
          "macro avg": {
            "precision": 0.4583333333333333,
            "recall": 0.45238095238095233,
            "f1-score": 0.45054945054945056,
            "support": 10.0
          },
          "weighted avg": {
            "precision": 0.5416666666666666,
            "recall": 0.5,
            "f1-score": 0.5164835164835165,
            "support": 10.0
          }
        },
        "confusion_new": [
          [
            1,
            2
          ],
          [
            3,
            4
          ]
        ]
      }
    }
  },
  "1": {
    "eval": {
      "0": {
        "precision": 1.0,
        "recall": 1.0,
        "f1-score": 1.0,
        "support": 50.0
      },
      "1": {
        "precision": 1.0,
        "recall": 1.0,
        "f1-score": 1.0,
        "support": 50.0
      },
      "accuracy": 1.0,
      "macro avg": {
        "precision": 1.0,
        "recall": 1.0,
        "f1-score": 1.0,
        "support": 100.0
      },
      "weighted avg": {
        "precision": 1.0,
        "recall": 1.0,
        "f1-score": 1.0,
        "support": 100.0
      }
    },
    "time": 1.6291167736053467,
    "confusion": [
      [
        50,
        0
      ],
      [
        0,
        50
      ]
    ],
    "refinement": {
      "50": {
        "eval": {
          "0": {
            "precision": 1.0,
            "recall": 1.0,
            "f1-score": 1.0,
            "support": 50.0
          },
          "1": {
            "precision": 1.0,
            "recall": 1.0,
            "f1-score": 1.0,
            "support": 50.0
          },
          "accuracy": 1.0,
          "macro avg": {
            "precision": 1.0,
            "recall": 1.0,
            "f1-score": 1.0,
            "support": 100.0
          },
          "weighted avg": {
            "precision": 1.0,
            "recall": 1.0,
            "f1-score": 1.0,
            "support": 100.0
          }
        },
        "time": 154.8342399597168,
        "confusion": [
          [
            50,
            0
          ],
          [
            0,
            50
          ]
        ],
        "new": 10,
        "failing": 10,
        "eval_new": {
          "0": {
            "precision": 0.0,
            "recall": 0.0,
            "f1-score": 0.0,
            "support": 0.0
          },
          "1": {
            "precision": 1.0,
            "recall": 0.6,
            "f1-score": 0.75,
            "support": 10.0
          },
          "accuracy": 0.6,
          "macro avg": {
            "precision": 0.5,
            "recall": 0.3,
            "f1-score": 0.375,
            "support": 10.0
          },
          "weighted avg": {
            "precision": 1.0,
            "recall": 0.6,
            "f1-score": 0.75,
            "support": 10.0
          }
        },
        "confusion_new": [
          [
            0,
            0
          ],
          [
            4,
            6
          ]
        ]
      }
    }
  },
  "2": {
    "eval": {
      "0": {
        "precision": 1.0,
        "recall": 1.0,
        "f1-score": 1.0,
        "support": 50.0
      },
      "1": {
        "precision": 1.0,
        "recall": 1.0,
        "f1-score": 1.0,
        "support": 50.0
      },
      "accuracy": 1.0,
      "macro avg": {
        "precision": 1.0,
        "recall": 1.0,
        "f1-score": 1.0,
        "support": 100.0
      },
      "weighted avg": {
        "precision": 1.0,
        "recall": 1.0,
        "f1-score": 1.0,
        "support": 100.0
      }
    },
    "time": 1.6558561325073242,
    "confusion": [
      [
        50,
        0
      ],
      [
        0,
        50
      ]
    ],
    "refinement": {
      "50": {
        "eval": {
          "0": {
            "precision": 1.0,
            "recall": 1.0,
            "f1-score": 1.0,
            "support": 50.0
          },
          "1": {
            "precision": 1.0,
            "recall": 1.0,
            "f1-score": 1.0,
            "support": 50.0
          },
          "accuracy": 1.0,
          "macro avg": {
            "precision": 1.0,
            "recall": 1.0,
            "f1-score": 1.0,
            "support": 100.0
          },
          "weighted avg": {
            "precision": 1.0,
            "recall": 1.0,
            "f1-score": 1.0,
            "support": 100.0
          }
        },
        "time": 157.3503999710083,
        "confusion": [
          [
            50,
            0
          ],
          [
            0,
            50
          ]
        ],
        "new": 10,
        "failing": 10,
        "eval_new": {
          "0": {
            "precision": 0.0,
            "recall": 0.0,
            "f1-score": 0.0,
            "support": 0.0
          },
          "1": {
            "precision": 1.0,
            "recall": 0.6,
            "f1-score": 0.75,
            "support": 10.0
          },
          "accuracy": 0.6,
          "macro avg": {
            "precision": 0.5,
            "recall": 0.3,
            "f1-score": 0.375,
            "support": 10.0
          },
          "weighted avg": {
            "precision": 1.0,
            "recall": 0.6,
            "f1-score": 0.75,
            "support": 10.0
          }
        },
        "confusion_new": [
          [
            0,
            0
          ],
          [
            4,
            6
          ]
        ]
      }
    }
  }
}