{
  "0": {
    "eval": {
      "0": {
        "precision": 0.6133333333333333,
        "recall": 0.92,
        "f1-score": 0.736,
        "support": 50.0
      },
      "1": {
        "precision": 0.84,
        "recall": 0.42,
        "f1-score": 0.56,
        "support": 50.0
      },
      "accuracy": 0.67,
      "macro avg": {
        "precision": 0.7266666666666666,
        "recall": 0.67,
        "f1-score": 0.648,
        "support": 100.0
      },
      "weighted avg": {
        "precision": 0.7266666666666666,
        "recall": 0.67,
        "f1-score": 0.648,
        "support": 100.0
      }
    },
    "time": 1.2318460941314697,
    "confusion": [
      [
        46,
        4
      ],
      [
        29,
        21
      ]
    ],
    "refinement": {
      "50": {
        "eval": {
          "0": {
            "precision": 0.5319148936170213,
            "recall": 1.0,
            "f1-score": 0.6944444444444444,
            "support": 50.0
          },
          "1": {
            "precision": 1.0,
            "recall": 0.12,
            "f1-score": 0.21428571428571427,
            "support": 50.0
          },
          "accuracy": 0.56,
          "macro avg": {
            "precision": 0.7659574468085106,
            "recall": 0.56,
            "f1-score": 0.45436507936507936,
            "support": 100.0
          },
          "weighted avg": {
            "precision": 0.7659574468085105,
            "recall": 0.56,
            "f1-score": 0.45436507936507936,
            "support": 100.0
          }
        },
        "time": 52.8926043510437,
        "confusion": [
          [
            50,
            0
          ],
          [
            44,
            6
          ]
        ],
        "new": 4,
        "failing": 0,
        "eval_new": {
          "0": {
            "precision": 1.0,
            "recall": 0.25,
            "f1-score": 0.4,
            "support": 4.0
          },
          "1": {
            "precision": 0.0,
            "recall": 0.0,
            "f1-score": 0.0,
            "support": 0.0
          },
          "accuracy": 0.25,
          "macro avg": {
            "precision": 0.5,
            "recall": 0.125,
            "f1-score": 0.2,
            "support": 4.0
          },
          "weighted avg": {
            "precision": 1.0,
            "recall": 0.25,
            "f1-score": 0.4,
            "support": 4.0
          }
        },
        "confusion_new": [
          [
            1,
            3
          ],
          [
            0,
            0
          ]
        ]
      }
    }
  },
  "1": {
    "eval": {
      "0": {
        "precision": 1.0,
        "recall": 1.0,
        "f1-score": 1.0,
        "support": 50.0
      },
      "1": {
        "precision": 1.0,
        "recall": 1.0,
        "f1-score": 1.0,
        "support": 50.0
      },
      "accuracy": 1.0,
      "macro avg": {
        "precision": 1.0,
        "recall": 1.0,
        "f1-score": 1.0,
        "support": 100.0
      },
      "weighted avg": {
        "precision": 1.0,
        "recall": 1.0,
        "f1-score": 1.0,
        "support": 100.0
      }
    },
    "time": 1.227132797241211,
    "confusion": [
      [
        50,
        0
      ],
      [
        0,
        50
      ]
    ],
    "refinement": {
      "50": {
        "eval": {
          "0": {
            "precision": 1.0,
            "recall": 1.0,
            "f1-score": 1.0,
            "support": 50.0
          },
          "1": {
            "precision": 1.0,
            "recall": 1.0,
            "f1-score": 1.0,
            "support": 50.0
          },
          "accuracy": 1.0,
          "macro avg": {
            "precision": 1.0,
            "recall": 1.0,
            "f1-score": 1.0,
            "support": 100.0
          },
          "weighted avg": {
            "precision": 1.0,
            "recall": 1.0,
            "f1-score": 1.0,
            "support": 100.0
          }
        },
        "time": 52.77318525314331,
        "confusion": [
          [
            50,
            0
          ],
          [
            0,
            50
          ]
        ],
        "new": 5,
        "failing": 0,
        "eval_new": {
          "0": {
            "precision": 1.0,
            "recall": 1.0,
            "f1-score": 1.0,
            "support": 5.0
          },
          "accuracy": 1.0,
          "macro avg": {
            "precision": 1.0,
            "recall": 1.0,
            "f1-score": 1.0,
            "support": 5.0
          },
          "weighted avg": {
            "precision": 1.0,
            "recall": 1.0,
            "f1-score": 1.0,
            "support": 5.0
          }
        },
        "confusion_new": [
          [
            5
          ]
        ]
      }
    }
  },
  "2": {
    "eval": {
      "0": {
        "precision": 0.6133333333333333,
        "recall": 0.92,
        "f1-score": 0.736,
        "support": 50.0
      },
      "1": {
        "precision": 0.84,
        "recall": 0.42,
        "f1-score": 0.56,
        "support": 50.0
      },
      "accuracy": 0.67,
      "macro avg": {
        "precision": 0.7266666666666666,
        "recall": 0.67,
        "f1-score": 0.648,
        "support": 100.0
      },
      "weighted avg": {
        "precision": 0.7266666666666666,
        "recall": 0.67,
        "f1-score": 0.648,
        "support": 100.0
      }
    },
    "time": 1.2208528518676758,
    "confusion": [
      [
        46,
        4
      ],
      [
        29,
        21
      ]
    ],
    "refinement": {
      "50": {
        "eval": {
          "0": {
            "precision": 0.5319148936170213,
            "recall": 1.0,
            "f1-score": 0.6944444444444444,
            "support": 50.0
          },
          "1": {
            "precision": 1.0,
            "recall": 0.12,
            "f1-score": 0.21428571428571427,
            "support": 50.0
          },
          "accuracy": 0.56,
          "macro avg": {
            "precision": 0.7659574468085106,
            "recall": 0.56,
            "f1-score": 0.45436507936507936,
            "support": 100.0
          },
          "weighted avg": {
            "precision": 0.7659574468085105,
            "recall": 0.56,
            "f1-score": 0.45436507936507936,
            "support": 100.0
          }
        },
        "time": 50.81564402580261,
        "confusion": [
          [
            50,
            0
          ],
          [
            44,
            6
          ]
        ],
        "new": 2,
        "failing": 0,
        "eval_new": {
          "0": {
            "precision": 1.0,
            "recall": 0.5,
            "f1-score": 0.6666666666666666,
            "support": 2.0
          },
          "1": {
            "precision": 0.0,
            "recall": 0.0,
            "f1-score": 0.0,
            "support": 0.0
          },
          "accuracy": 0.5,
          "macro avg": {
            "precision": 0.5,
            "recall": 0.25,
            "f1-score": 0.3333333333333333,
            "support": 2.0
          },
          "weighted avg": {
            "precision": 1.0,
            "recall": 0.5,
            "f1-score": 0.6666666666666666,
            "support": 2.0
          }
        },
        "confusion_new": [
          [
            1,
            1
          ],
          [
            0,
            0
          ]
        ]
      }
    }
  }
}