{
  "tests_5_failing_1": {
    "eval": {
      "0": {
        "precision": 0.5,
        "recall": 1.0,
        "f1-score": 0.6666666666666666,
        "support": 100.0
      },
      "1": {
        "precision": 0.0,
        "recall": 0.0,
        "f1-score": 0.0,
        "support": 100.0
      },
      "accuracy": 0.5,
      "macro avg": {
        "precision": 0.25,
        "recall": 0.5,
        "f1-score": 0.3333333333333333,
        "support": 200.0
      },
      "weighted avg": {
        "precision": 0.25,
        "recall": 0.5,
        "f1-score": 0.33333333333333326,
        "support": 200.0
      }
    },
    "time": 0.677203893661499,
    "confusion": [
      [
        100,
        0
      ],
      [
        100,
        0
      ]
    ],
    "refinement": {}
  },
  "tests_10_failing_1": {
    "eval": {
      "0": {
        "precision": 0.5,
        "recall": 1.0,
        "f1-score": 0.6666666666666666,
        "support": 100.0
      },
      "1": {
        "precision": 0.0,
        "recall": 0.0,
        "f1-score": 0.0,
        "support": 100.0
      },
      "accuracy": 0.5,
      "macro avg": {
        "precision": 0.25,
        "recall": 0.5,
        "f1-score": 0.3333333333333333,
        "support": 200.0
      },
      "weighted avg": {
        "precision": 0.25,
        "recall": 0.5,
        "f1-score": 0.33333333333333326,
        "support": 200.0
      }
    },
    "time": 1.454646110534668,
    "confusion": [
      [
        100,
        0
      ],
      [
        100,
        0
      ]
    ],
    "refinement": {}
  },
  "tests_10_failing_2": {
    "eval": {
      "0": {
        "precision": 0.5,
        "recall": 1.0,
        "f1-score": 0.6666666666666666,
        "support": 100.0
      },
      "1": {
        "precision": 0.0,
        "recall": 0.0,
        "f1-score": 0.0,
        "support": 100.0
      },
      "accuracy": 0.5,
      "macro avg": {
        "precision": 0.25,
        "recall": 0.5,
        "f1-score": 0.3333333333333333,
        "support": 200.0
      },
      "weighted avg": {
        "precision": 0.25,
        "recall": 0.5,
        "f1-score": 0.33333333333333326,
        "support": 200.0
      }
    },
    "time": 1.4273710250854492,
    "confusion": [
      [
        100,
        0
      ],
      [
        100,
        0
      ]
    ],
    "refinement": {}
  },
  "tests_30_failing_3": {
    "eval": {
      "0": {
        "precision": 0.5,
        "recall": 1.0,
        "f1-score": 0.6666666666666666,
        "support": 100.0
      },
      "1": {
        "precision": 0.0,
        "recall": 0.0,
        "f1-score": 0.0,
        "support": 100.0
      },
      "accuracy": 0.5,
      "macro avg": {
        "precision": 0.25,
        "recall": 0.5,
        "f1-score": 0.3333333333333333,
        "support": 200.0
      },
      "weighted avg": {
        "precision": 0.25,
        "recall": 0.5,
        "f1-score": 0.33333333333333326,
        "support": 200.0
      }
    },
    "time": 4.039903879165649,
    "confusion": [
      [
        100,
        0
      ],
      [
        100,
        0
      ]
    ],
    "refinement": {}
  }
}