{
  "0": {
    "eval": {
      "0": {
        "precision": 1.0,
        "recall": 1.0,
        "f1-score": 1.0,
        "support": 50.0
      },
      "1": {
        "precision": 1.0,
        "recall": 1.0,
        "f1-score": 1.0,
        "support": 50.0
      },
      "accuracy": 1.0,
      "macro avg": {
        "precision": 1.0,
        "recall": 1.0,
        "f1-score": 1.0,
        "support": 100.0
      },
      "weighted avg": {
        "precision": 1.0,
        "recall": 1.0,
        "f1-score": 1.0,
        "support": 100.0
      }
    },
    "time": 5.949218511581421,
    "confusion": [
      [
        50,
        0
      ],
      [
        0,
        50
      ]
    ],
    "refinement": {
      "50": {
        "eval": {
          "0": {
            "precision": 0.9615384615384616,
            "recall": 1.0,
            "f1-score": 0.9803921568627451,
            "support": 50.0
          },
          "1": {
            "precision": 1.0,
            "recall": 0.96,
            "f1-score": 0.9795918367346939,
            "support": 50.0
          },
          "accuracy": 0.98,
          "macro avg": {
            "precision": 0.9807692307692308,
            "recall": 0.98,
            "f1-score": 0.9799919967987194,
            "support": 100.0
          },
          "weighted avg": {
            "precision": 0.9807692307692308,
            "recall": 0.98,
            "f1-score": 0.9799919967987194,
            "support": 100.0
          }
        },
        "time": 207.44095420837402,
        "confusion": [
          [
            50,
            0
          ],
          [
            2,
            48
          ]
        ],
        "new": 2,
        "failing": 0,
        "eval_new": {
          "0": {
            "precision": 1.0,
            "recall": 0.5,
            "f1-score": 0.6666666666666666,
            "support": 2.0
          },
          "1": {
            "precision": 0.0,
            "recall": 0.0,
            "f1-score": 0.0,
            "support": 0.0
          },
          "accuracy": 0.5,
          "macro avg": {
            "precision": 0.5,
            "recall": 0.25,
            "f1-score": 0.3333333333333333,
            "support": 2.0
          },
          "weighted avg": {
            "precision": 1.0,
            "recall": 0.5,
            "f1-score": 0.6666666666666666,
            "support": 2.0
          }
        },
        "confusion_new": [
          [
            1,
            1
          ],
          [
            0,
            0
          ]
        ]
      }
    }
  },
  "1": {
    "eval": {
      "0": {
        "precision": 1.0,
        "recall": 1.0,
        "f1-score": 1.0,
        "support": 50.0
      },
      "1": {
        "precision": 1.0,
        "recall": 1.0,
        "f1-score": 1.0,
        "support": 50.0
      },
      "accuracy": 1.0,
      "macro avg": {
        "precision": 1.0,
        "recall": 1.0,
        "f1-score": 1.0,
        "support": 100.0
      },
      "weighted avg": {
        "precision": 1.0,
        "recall": 1.0,
        "f1-score": 1.0,
        "support": 100.0
      }
    },
    "time": 2.5186879634857178,
    "confusion": [
      [
        50,
        0
      ],
      [
        0,
        50
      ]
    ],
    "refinement": {
      "50": {
        "eval": {
          "0": {
            "precision": 1.0,
            "recall": 1.0,
            "f1-score": 1.0,
            "support": 50.0
          },
          "1": {
            "precision": 1.0,
            "recall": 1.0,
            "f1-score": 1.0,
            "support": 50.0
          },
          "accuracy": 1.0,
          "macro avg": {
            "precision": 1.0,
            "recall": 1.0,
            "f1-score": 1.0,
            "support": 100.0
          },
          "weighted avg": {
            "precision": 1.0,
            "recall": 1.0,
            "f1-score": 1.0,
            "support": 100.0
          }
        },
        "time": 182.2812418937683,
        "confusion": [
          [
            50,
            0
          ],
          [
            0,
            50
          ]
        ],
        "new": 2,
        "failing": 0,
        "eval_new": {
          "0": {
            "precision": 1.0,
            "recall": 1.0,
            "f1-score": 1.0,
            "support": 2.0
          },
          "accuracy": 1.0,
          "macro avg": {
            "precision": 1.0,
            "recall": 1.0,
            "f1-score": 1.0,
            "support": 2.0
          },
          "weighted avg": {
            "precision": 1.0,
            "recall": 1.0,
            "f1-score": 1.0,
            "support": 2.0
          }
        },
        "confusion_new": [
          [
            2
          ]
        ]
      }
    }
  },
  "2": {
    "eval": {
      "0": {
        "precision": 1.0,
        "recall": 0.3,
        "f1-score": 0.46153846153846156,
        "support": 50.0
      },
      "1": {
        "precision": 0.5882352941176471,
        "recall": 1.0,
        "f1-score": 0.7407407407407407,
        "support": 50.0
      },
      "accuracy": 0.65,
      "macro avg": {
        "precision": 0.7941176470588236,
        "recall": 0.65,
        "f1-score": 0.6011396011396011,
        "support": 100.0
      },
      "weighted avg": {
        "precision": 0.7941176470588235,
        "recall": 0.65,
        "f1-score": 0.6011396011396012,
        "support": 100.0
      }
    },
    "time": 2.5103375911712646,
    "confusion": [
      [
        15,
        35
      ],
      [
        0,
        50
      ]
    ],
    "refinement": {
      "50": {
        "eval": {
          "0": {
            "precision": 0.7692307692307693,
            "recall": 1.0,
            "f1-score": 0.8695652173913043,
            "support": 50.0
          },
          "1": {
            "precision": 1.0,
            "recall": 0.7,
            "f1-score": 0.8235294117647058,
            "support": 50.0
          },
          "accuracy": 0.85,
          "macro avg": {
            "precision": 0.8846153846153846,
            "recall": 0.85,
            "f1-score": 0.8465473145780051,
            "support": 100.0
          },
          "weighted avg": {
            "precision": 0.8846153846153847,
            "recall": 0.85,
            "f1-score": 0.8465473145780051,
            "support": 100.0
          }
        },
        "time": 121.20466232299805,
        "confusion": [
          [
            50,
            0
          ],
          [
            15,
            35
          ]
        ],
        "new": 1,
        "failing": 0,
        "eval_new": {
          "0": {
            "precision": 0.0,
            "recall": 0.0,
            "f1-score": 0.0,
            "support": 1.0
          },
          "1": {
            "precision": 0.0,
            "recall": 0.0,
            "f1-score": 0.0,
            "support": 0.0
          },
          "accuracy": 0.0,
          "macro avg": {
            "precision": 0.0,
            "recall": 0.0,
            "f1-score": 0.0,
            "support": 1.0
          },
          "weighted avg": {
            "precision": 0.0,
            "recall": 0.0,
            "f1-score": 0.0,
            "support": 1.0
          }
        },
        "confusion_new": [
          [
            0,
            1
          ],
          [
            0,
            0
          ]
        ]
      }
    }
  }
}