{
  "0": {
    "eval": {
      "0": {
        "precision": 1.0,
        "recall": 1.0,
        "f1-score": 1.0,
        "support": 50.0
      },
      "1": {
        "precision": 1.0,
        "recall": 1.0,
        "f1-score": 1.0,
        "support": 50.0
      },
      "accuracy": 1.0,
      "macro avg": {
        "precision": 1.0,
        "recall": 1.0,
        "f1-score": 1.0,
        "support": 100.0
      },
      "weighted avg": {
        "precision": 1.0,
        "recall": 1.0,
        "f1-score": 1.0,
        "support": 100.0
      }
    },
    "time": 4.37965202331543,
    "confusion": [
      [
        50,
        0
      ],
      [
        0,
        50
      ]
    ],
    "refinement": {
      "50": {
        "eval": {
          "0": {
            "precision": 0.515625,
            "recall": 0.66,
            "f1-score": 0.5789473684210527,
            "support": 50.0
          },
          "1": {
            "precision": 0.5277777777777778,
            "recall": 0.38,
            "f1-score": 0.4418604651162791,
            "support": 50.0
          },
          "accuracy": 0.52,
          "macro avg": {
            "precision": 0.5217013888888888,
            "recall": 0.52,
            "f1-score": 0.5104039167686658,
            "support": 100.0
          },
          "weighted avg": {
            "precision": 0.5217013888888888,
            "recall": 0.52,
            "f1-score": 0.5104039167686659,
            "support": 100.0
          }
        },
        "time": 230.74840664863586,
        "confusion": [
          [
            33,
            17
          ],
          [
            31,
            19
          ]
        ],
        "new": 3,
        "failing": 1,
        "eval_new": {
          "0": {
            "precision": 0.0,
            "recall": 0.0,
            "f1-score": 0.0,
            "support": 2.0
          },
          "1": {
            "precision": 0.0,
            "recall": 0.0,
            "f1-score": 0.0,
            "support": 1.0
          },
          "accuracy": 0.0,
          "macro avg": {
            "precision": 0.0,
            "recall": 0.0,
            "f1-score": 0.0,
            "support": 3.0
          },
          "weighted avg": {
            "precision": 0.0,
            "recall": 0.0,
            "f1-score": 0.0,
            "support": 3.0
          }
        },
        "confusion_new": [
          [
            0,
            2
          ],
          [
            1,
            0
          ]
        ]
      }
    }
  },
  "1": {
    "eval": {
      "0": {
        "precision": 1.0,
        "recall": 1.0,
        "f1-score": 1.0,
        "support": 50.0
      },
      "1": {
        "precision": 1.0,
        "recall": 1.0,
        "f1-score": 1.0,
        "support": 50.0
      },
      "accuracy": 1.0,
      "macro avg": {
        "precision": 1.0,
        "recall": 1.0,
        "f1-score": 1.0,
        "support": 100.0
      },
      "weighted avg": {
        "precision": 1.0,
        "recall": 1.0,
        "f1-score": 1.0,
        "support": 100.0
      }
    },
    "time": 4.349023103713989,
    "confusion": [
      [
        50,
        0
      ],
      [
        0,
        50
      ]
    ],
    "refinement": {
      "50": {
        "eval": {
          "0": {
            "precision": 0.7142857142857143,
            "recall": 1.0,
            "f1-score": 0.8333333333333334,
            "support": 50.0
          },
          "1": {
            "precision": 1.0,
            "recall": 0.6,
            "f1-score": 0.75,
            "support": 50.0
          },
          "accuracy": 0.8,
          "macro avg": {
            "precision": 0.8571428571428572,
            "recall": 0.8,
            "f1-score": 0.7916666666666667,
            "support": 100.0
          },
          "weighted avg": {
            "precision": 0.8571428571428572,
            "recall": 0.8,
            "f1-score": 0.7916666666666667,
            "support": 100.0
          }
        },
        "time": 195.47829127311707,
        "confusion": [
          [
            50,
            0
          ],
          [
            20,
            30
          ]
        ],
        "new": 4,
        "failing": 1,
        "eval_new": {
          "0": {
            "precision": 1.0,
            "recall": 0.3333333333333333,
            "f1-score": 0.5,
            "support": 3.0
          },
          "1": {
            "precision": 0.3333333333333333,
            "recall": 1.0,
            "f1-score": 0.5,
            "support": 1.0
          },
          "accuracy": 0.5,
          "macro avg": {
            "precision": 0.6666666666666666,
            "recall": 0.6666666666666666,
            "f1-score": 0.5,
            "support": 4.0
          },
          "weighted avg": {
            "precision": 0.8333333333333334,
            "recall": 0.5,
            "f1-score": 0.5,
            "support": 4.0
          }
        },
        "confusion_new": [
          [
            1,
            2
          ],
          [
            0,
            1
          ]
        ]
      }
    }
  },
  "2": {
    "eval": {
      "0": {
        "precision": 1.0,
        "recall": 1.0,
        "f1-score": 1.0,
        "support": 50.0
      },
      "1": {
        "precision": 1.0,
        "recall": 1.0,
        "f1-score": 1.0,
        "support": 50.0
      },
      "accuracy": 1.0,
      "macro avg": {
        "precision": 1.0,
        "recall": 1.0,
        "f1-score": 1.0,
        "support": 100.0
      },
      "weighted avg": {
        "precision": 1.0,
        "recall": 1.0,
        "f1-score": 1.0,
        "support": 100.0
      }
    },
    "time": 3.2382147312164307,
    "confusion": [
      [
        50,
        0
      ],
      [
        0,
        50
      ]
    ],
    "refinement": {
      "50": {
        "eval": {
          "0": {
            "precision": 1.0,
            "recall": 1.0,
            "f1-score": 1.0,
            "support": 50.0
          },
          "1": {
            "precision": 1.0,
            "recall": 1.0,
            "f1-score": 1.0,
            "support": 50.0
          },
          "accuracy": 1.0,
          "macro avg": {
            "precision": 1.0,
            "recall": 1.0,
            "f1-score": 1.0,
            "support": 100.0
          },
          "weighted avg": {
            "precision": 1.0,
            "recall": 1.0,
            "f1-score": 1.0,
            "support": 100.0
          }
        },
        "time": 212.69092917442322,
        "confusion": [
          [
            50,
            0
          ],
          [
            0,
            50
          ]
        ],
        "new": 6,
        "failing": 2,
        "eval_new": {
          "0": {
            "precision": 1.0,
            "recall": 0.5,
            "f1-score": 0.6666666666666666,
            "support": 4.0
          },
          "1": {
            "precision": 0.5,
            "recall": 1.0,
            "f1-score": 0.6666666666666666,
            "support": 2.0
          },
          "accuracy": 0.6666666666666666,
          "macro avg": {
            "precision": 0.75,
            "recall": 0.75,
            "f1-score": 0.6666666666666666,
            "support": 6.0
          },
          "weighted avg": {
            "precision": 0.8333333333333334,
            "recall": 0.6666666666666666,
            "f1-score": 0.6666666666666666,
            "support": 6.0
          }
        },
        "confusion_new": [
          [
            2,
            2
          ],
          [
            0,
            2
          ]
        ]
      }
    }
  }
}